courier,feature_1,feature_2
208,a,25
218,c,0
225,c,
231,c,0
242,c,
350,a,
645,a,
1210,a,
1288,c,
1304,c,
1449,c,
1504,c,
1508,c,
1542,c,
1543,d,
1544,b,
1683,c,
1711,c,
1727,a,
1742,c,
1966,c,
1968,c,
2001,a,
2005,c,
2007,a,24
2249,c,
2336,a,
2520,a,
2591,c,
2652,c,
2771,a,
2835,c,
2905,c,
3097,c,
3192,c,
3193,b,
3221,c,
3417,c,
3479,c,
3624,c,
3642,c,
3647,c,
3767,b,33
3784,c,
4110,c,
4246,b,
4513,a,
4564,c,
4984,a,
4986,a,
4987,c,
5183,d,
5229,c,
5230,a,
5410,a,
5411,a,
5412,a,
5413,b,
5428,a,
5432,a,
5455,a,
5472,b,
5473,b,
5474,a,
5476,a,
5478,a,
5479,a,
5535,d,
5536,b,
5538,a,
5567,a,
5595,a,
5613,a,
5668,c,
5680,b,
5681,a,
5703,a,
5948,a,
5949,a,
5950,a,
5951,a,
6083,b,
6101,a,51
6232,a,
6233,a,
6281,a,
6282,a,35
6284,a,
6908,a,
6909,b,
6989,a,
7225,b,
7226,b,
7455,a,
8215,a,
8581,a,
9033,a,
9274,b,
9391,a,
9392,b,
9411,b,
10292,b,
10293,a,
10309,a,
10517,a,
10551,a,
10553,b,
10617,b,
10618,b,
10622,b,35
10650,b,
10651,a,
10652,b,
10654,a,
10656,a,
10987,a,
10989,b,
10998,a,
10999,a,
11000,b,
11001,a,
11098,d,34
11342,a,
11472,b,
11473,a,
11505,b,
11600,a,1
11601,a,1
11602,a,1
11603,a,1
11604,a,1
12259,a,
12262,b,
12289,a,
12290,a,
12291,a,
12292,a,
12293,b,
12294,b,
12308,b,
12309,b,
12416,b,
12417,a,
12418,d,
12629,b,
12630,b,
13095,b,
13096,a,35
13098,a,
13205,a,
13529,a,
13532,b,
13534,a,
13535,a,
13946,a,0
14031,a,43
14032,a,
14033,b,
14037,b,
14060,a,
14257,d,
14261,a,44
14263,a,
14265,b,
14272,a,
14273,d,
14283,a,
14418,b,
14419,a,
14420,a,
14510,b,
17165,c,
17185,a,1
18109,c,
18836,b,
18869,a,
18871,a,
18920,a,26
18978,b,
18979,a,27
19307,a,
19310,a,
19450,d,
20523,a,
21284,b,
21286,b,
21287,b,
21291,b,
21519,a,
21520,a,
21521,b,
21522,a,
21524,b,
21573,a,
21574,a,
23187,b,
23188,a,
23207,a,
23253,b,1
23474,c,
23475,a,
23476,a,
23477,a,26
24695,a,
24851,b,
24852,b,
24875,b,0
24876,a,
24877,a,
24878,b,
24880,b,
24882,a,
24985,b,
24986,b,
24987,b,
24988,b,
25015,d,
25016,b,
25017,d,
25305,a,
25512,b,
25513,a,
25650,a,
25651,b,
25652,b,
25825,a,
25838,b,
25839,a,
25840,a,
26169,a,
26177,a,
26178,d,
26185,d,
26197,b,
27919,b,21
27920,a,39
28200,c,
28939,a,
29272,a,
29276,a,1
29277,d,
29334,b,
29613,a,40
29686,a,
30595,a,
32622,b,
32623,b,
32624,b,
32626,b,
32627,b,
33136,d,
33139,a,1
33468,b,
33546,a,
33549,b,
33550,b,
33552,b,
33553,b,
33554,b,
33556,a,
33560,b,
33568,a,
33571,b,1
33576,b,
34646,d,
35252,b,1
35533,a,
35534,a,
35535,a,
35538,a,
35952,a,
35953,b,
35954,b,
36013,b,
36014,a,
36016,a,
36021,b,1
36022,d,1
39419,a,
39425,a,
39517,a,35
39519,a,48
40687,a,32
40764,b,
40899,a,
41143,d,
41159,a,35
41202,a,1
41236,d,
41274,a,1
41478,b,
41480,b,
41482,d,
41484,b,
41486,a,
41487,a,
41488,b,
41491,b,
41493,b,
41494,b,
41495,b,
41536,c,
41543,b,
41913,d,
41950,a,
42015,a,
42023,a,
42350,b,
42380,a,
42381,a,
42469,b,
42471,a,
43746,a,
44618,a,
44634,d,
44827,b,1
44828,a,1
44829,b,
44834,b,
44835,b,
45146,a,
45156,a,
45220,b,
45227,b,
45231,a,
45233,a,
45234,a,37
45236,a,
45238,a,
50744,a,
50745,a,
50746,b,
50748,a,
50774,d,
50780,a,
50785,a,
50793,a,
50800,b,
50901,c,
50907,a,
51079,a,
51081,b,
51082,a,
51088,a,
51096,a,
51103,a,
51104,a,1
51107,a,0
51579,c,
51745,a,
54742,a,
54743,a,
54963,a,29
54965,b,
54967,b,
54968,b,
54970,b,
54971,a,
55738,a,
55742,d,1
55748,a,
55797,d,
55922,c,
56307,c,
56577,a,
56580,a,
56981,a,
56982,a,
57012,a,1
57209,a,20
57216,b,23
57217,a,32
57222,a,34
57223,a,0
57227,a,1
57231,a,39
57258,a,1
57283,a,0
57929,a,23
57931,a,22
57935,a,20
57974,b,1
57982,a,1
61986,a,1
62796,a,34
62798,a,20
62799,b,20
62826,a,1
62961,b,20
62964,b,21
62966,b,24
62999,a,0
63001,a,1
63374,b,20
63377,b,20
63378,b,27
65483,a,1
65507,a,1
65510,b,1
65512,b,1
65748,a,1
65824,d,1
65826,b,1
66010,a,23
66461,b,23
66667,a,23
66670,b,20
66673,a,37
66769,b,28
66780,a,27
68173,c,23
68221,a,24
68381,a,1
68469,b,42
68470,b,22
68671,b,22
69025,b,26
69029,a,1
69030,b,21
69031,b,21
69032,b,28
69036,a,1
69040,a,1
69135,a,42
69151,a,1
69165,d,0
69348,a,1
69349,d,1
69355,a,25
69438,a,35
69439,a,1
69445,a,
69459,a,1
70069,a,25
71280,b,28
71282,b,28
71283,a,29
71284,a,28
71295,d,1
71492,d,1
71632,a,1
71985,b,23
71988,b,24
71989,a,32
72110,b,23
72114,b,37
72117,a,27
72119,a,26
72122,a,26
72124,b,22
72126,b,34
72139,a,1
74192,b,26
74193,b,
74194,b,
74195,b,
74196,b,
74197,b,
74198,b,
74199,b,
74200,b,0
74201,b,
74202,b,
74203,b,
74204,d,
74205,b,
74206,b,
74207,b,
74208,b,
74209,a,
74210,b,
74211,b,
74212,b,
74213,b,
74214,b,
74215,b,
74216,b,0
74217,b,
74218,b,
74219,b,
74220,b,30
74221,b,
74222,b,
74223,b,
74224,b,
74225,b,
74226,b,
74227,b,18
74228,b,
74229,b,22
74230,b,
74231,b,
74232,b,19
74233,b,
74234,b,
74235,b,
74236,b,
74237,b,
74238,b,
74239,b,
74240,b,
74241,a,22
74242,b,
74243,b,24
74244,b,
74245,b,
74246,b,
74247,b,
74248,b,
74249,b,
74250,b,
74251,b,
74252,b,
74253,b,
74254,b,19
74255,b,
74256,a,
74257,b,
74258,b,
74259,b,
74260,b,
74385,b,
75053,a,
75157,a,33
75158,b,29
75160,b,30
75409,b,
75483,a,44
75484,a,29
75491,a,34
77001,b,1
77002,d,1
77012,d,1
77017,d,1
82968,a,
82996,b,1
83368,a,31
83396,a,
83398,a,
83401,a,
83402,a,
83599,c,
84006,a,29
84011,b,28
84259,d,1
85253,c,
85261,c,1
86567,b,21
86592,b,28
86596,b,38
87088,a,36
87092,b,27
87093,b,18
87117,a,1
87125,b,20
87129,a,1
87386,b,23
87390,a,38
87393,b,19
87394,b,24
87474,b,23
87689,a,1
87690,d,1
87755,a,1
87766,a,35
87839,a,2
88075,a,44
88174,d,20
88188,a,21
88189,a,28
88191,a,28
88204,a,19
88208,a,19
88209,b,19
88211,b,36
90783,b,33
90786,a,30
90884,b,22
90890,a,20
90893,b,20
90894,a,38
91193,a,1
91195,b,1
91199,a,1
91204,a,1
91252,b,1
91254,a,1
91304,b,18
91335,a,1
91343,d,0
91355,a,1
91356,a,1
91358,a,1
91360,a,1
91718,b,32
91720,a,36
91732,b,19
91734,b,25
91764,b,20
93500,b,25
93501,a,29
93804,b,23
93807,b,40
93808,b,49
93882,a,34
93886,b,28
94173,a,1
94177,b,1
94181,a,1
94233,a,32
94236,a,27
94320,a,34
94324,b,38
94326,a,36
94796,a,48
94802,b,26
94989,a,20
95005,b,37
95010,a,43
95012,a,38
95269,a,
95272,a,
95335,a,
95448,b,
97023,a,25
97471,a,42
97481,b,21
97489,b,37
97925,b,38
98507,a,1
98542,a,30
98658,b,28
98662,a,36
98685,a,22
98688,b,21
98689,b,21
98691,b,22
98694,a,22
98696,a,35
98697,b,23
98698,b,23
98700,b,21
99040,b,30
101103,b,20
101104,b,20
101106,b,21
101107,b,22
101550,a,48
101552,b,58
101553,a,26
101558,b,38
101559,a,26
101667,b,29
101668,a,26
101670,b,43
101672,a,32
101673,b,20
101976,a,0
102010,a,57
102012,a,25
102093,a,
102102,d,33
102104,d,1
102105,a,42
102323,a,0
102430,b,22
102434,b,20
102435,a,41
102440,a,24
102441,b,20
102457,b,29
102459,b,20
102461,b,39
102462,a,21
102466,b,24
102467,b,22
103832,a,40
104588,b,19
104590,b,22
104592,b,30
104806,c,1
104808,a,0
104853,a,52
104857,b,21
104869,d,23
104938,a,26
104939,a,20
104943,a,47
104954,d,26
104956,a,20
104957,a,47
105176,a,1
105194,d,40
105195,b,27
105197,b,20
105354,a,43
107167,b,28
107194,b,27
107222,a,46
107223,d,28
107231,a,39
107556,a,26
107560,b,40
107563,b,20
107622,b,35
107629,b,22
107632,a,25
107911,a,1
107916,b,0
107933,b,1
107949,a,42
107951,a,20
107953,a,21
107955,a,28
108024,b,21
108026,b,25
108033,b,28
108036,a,36
108037,a,47
108039,b,36
108042,d,44
108287,b,1
108480,b,26
108482,b,35
108485,b,32
108489,b,24
108492,a,23
108494,b,20
108496,b,20
110242,a,
110418,d,
110421,c,
110422,a,
110449,b,33
110454,b,23
110456,b,19
110457,a,25
110782,a,35
110791,a,39
110825,a,
110828,b,
111107,b,25
111108,b,19
111109,b,38
112216,b,
112217,b,
112592,a,21
112595,b,25
112597,b,20
112601,b,20
112603,b,62
112605,b,24
112771,b,20
112774,b,34
112776,b,27
112777,a,43
112999,b,1
113078,b,20
113084,a,28
113088,a,29
113091,c,27
113329,a,29
113330,a,24
113332,b,25
113333,a,31
113335,a,47
113337,b,22
114641,a,21
114650,b,19
114651,a,19
114653,b,20
114660,b,20
114661,b,20
114662,b,21
114938,c,
115155,a,25
115156,d,21
115157,a,34
115455,a,1
115481,d,31
115495,b,24
115497,a,36
115561,d,41
115562,b,22
115563,b,23
115565,b,29
115567,b,23
116544,b,
116561,a,54
116860,a,19
116861,b,21
117037,c,39
117045,a,48
117146,b,
117263,b,1
117337,d,0
117394,b,45
117405,b,23
117408,b,23
117414,b,21
117629,b,31
117633,b,39
117634,a,20
118500,d,25
119042,a,19
119048,a,25
119055,a,21
119103,a,54
119115,b,29
119116,b,35
119315,a,1
119318,b,1
119320,b,1
119428,a,1
119437,b,0
119443,b,
119445,b,
120601,b,
120629,c,
120866,b,25
120867,a,32
120868,b,18
120869,b,24
120870,b,21
120871,b,32
120872,a,28
120873,b,28
120875,b,45
120877,b,20
120878,b,21
121032,a,21
121163,b,22
121164,b,26
121166,b,19
121168,b,22
121170,b,23
121171,b,21
121173,a,21
121345,a,1
121357,b,19
121470,a,0
121491,b,
121749,a,35
121752,a,35
121753,b,20
121754,b,21
121755,b,46
121823,b,23
121827,b,35
121828,b,20
121830,b,22
122590,b,
123183,d,23
123185,d,22
123396,d,27
123489,a,20
123490,b,31
123680,a,51
123683,b,20
123759,a,36
123760,d,34
123763,a,23
125035,a,44
125080,b,21
125597,b,22
125607,b,55
125609,a,27
125611,a,30
125703,b,0
125705,d,1
125710,b,1
125714,b,
125715,a,1
125721,b,0
125753,c,
125755,c,
125756,b,
125955,a,19
125956,b,19
125975,b,19
127426,b,21
127451,b,20
127633,b,29
127634,a,22
127635,a,23
127928,a,23
128253,a,
129400,b,
129641,b,
129657,b,22
129961,b,
129967,b,
130164,b,29
130189,b,26
130202,a,37
130214,a,32
130218,b,35
130300,b,
131825,c,
132222,a,28
132223,b,23
132226,b,26
132228,d,40
132558,b,37
132784,b,
132788,b,
132938,a,
134051,b,25
134060,b,24
134424,b,
134428,b,23
134431,a,
134434,b,21
134436,b,
134675,b,21
134679,c,26
134683,b,
134684,a,37
134686,b,36
134696,a,24
134746,b,46
135871,a,23
136059,a,23
136068,b,34
136292,a,39
137444,b,1
137591,c,1
137592,c,1
137601,a,23
137607,b,29
137608,b,26
137611,b,45
137616,b,20
137617,b,21
137850,b,19
137867,a,20
137870,a,23
137877,b,29
137880,a,36
137909,b,18
137955,b,
137961,b,
137964,b,
137967,b,
137969,b,
137970,b,
138151,b,
138155,b,
138158,b,
138160,b,
138225,a,
138693,b,
139327,b,
139543,a,24
139548,a,30
139550,a,28
139551,a,48
139552,a,55
139554,a,26
139555,a,23
139557,a,36
139642,a,27
139645,a,22
139868,b,30
140246,a,38
140250,a,44
140252,a,38
140322,b,
140340,b,
140364,a,49
140366,b,31
140369,b,47
140370,b,34
140374,a,41
141509,a,58
142056,b,20
142076,b,27
142078,b,20
142081,b,26
142083,b,43
142084,b,27
142087,b,21
142088,b,35
142091,b,19
142093,b,19
142094,b,20
142095,a,19
142097,b,19
142098,b,21
142100,b,24
142101,b,20
142102,b,23
142103,b,21
142104,b,21
142107,b,20
142109,b,33
142112,b,17
142113,b,20
142532,b,21
142535,b,19
142540,b,44
142546,b,26
142599,a,37
142606,a,34
142620,a,26
142623,a,27
142624,a,28
142687,a,35
143007,a,1
143042,b,
143063,a,32
143065,a,32
143073,b,
143165,a,25
143167,a,34
143171,a,38
143173,b,30
143175,b,40
143179,a,45
143227,a,33
143612,a,42
143617,a,27
143690,b,
143691,c,
143692,b,
143694,b,
143695,b,
143697,b,
143699,b,
143700,b,
143702,b,
143751,b,28
143752,a,32
143785,b,20
145514,b,
146017,b,23
146019,b,21
146020,b,39
146024,b,29
146128,b,47
146182,b,
146188,b,28
146201,a,29
146214,a,24
146434,b,23
146735,b,26
146848,b,29
146857,d,20
146864,b,27
146866,b,29
146869,a,21
147327,b,1
147331,a,1
147339,b,1
147498,b,24
147499,b,24
147503,b,28
147509,a,30
147516,a,1
147519,a,1
147524,b,1
147527,a,1
147530,b,0
147622,a,45
147629,b,26
147897,b,20
147899,b,18
147901,b,18
147902,b,18
147903,b,22
147904,b,22
147905,b,23
147908,b,18
147909,a,22
147911,b,22
147912,a,19
147919,b,22
147920,b,20
147926,a,21
147927,b,24
147928,b,19
147930,b,20
147931,b,22
147932,b,20
147933,b,22
147934,b,23
147935,b,24
148016,b,20
148019,a,32
148021,a,38
148167,a,34
148170,b,
150476,b,1
151169,a,23
151179,a,22
151284,a,20
151388,b,19
152038,b,23
152049,b,20
152051,b,19
152086,b,23
152148,b,
152188,b,31
152220,b,
152538,a,26
152546,a,40
152658,a,0
152715,a,33
152718,a,22
153164,b,19
153165,a,19
153166,b,20
153167,b,18
153168,b,18
153170,b,36
153172,d,23
153209,b,29
153224,a,36
153234,b,
153255,b,
153258,b,34
153333,a,21
153335,b,
153347,a,38
153466,a,38
156020,a,33
156021,b,24
156048,a,46
156059,b,39
157061,a,1
157230,a,27
157235,a,43
157239,a,36
157240,b,1
157242,a,35
157612,b,19
157614,b,37
157636,b,19
157638,b,18
157640,b,22
157644,b,20
157648,d,50
157651,b,31
157656,a,41
157659,b,21
157661,a,33
157662,b,27
157663,b,1
157664,b,24
157665,a,24
157666,b,
157670,a,32
157679,b,21
157812,a,38
157814,b,27
157822,c,36
157832,b,21
157878,b,20
157907,b,24
157939,b,
157941,b,
159315,b,
161137,b,40
161138,a,38
161140,b,29
161141,a,23
161143,a,23
161480,a,1
161482,d,1
161485,d,1
161648,a,1
161649,b,21
161653,a,32
161654,a,26
161658,a,21
161660,a,24
161661,a,39
161665,a,22
161668,a,24
161680,b,1
162098,b,
162102,a,22
162105,d,41
162106,a,24
162108,a,43
162113,b,
162115,b,38
162122,b,30
162244,c,28
162251,a,25
162254,b,
162255,b,
162273,a,23
162275,a,43
162277,b,25
164361,d,43
165153,a,48
165159,a,24
165173,a,49
165245,b,
165270,b,
165998,b,20
166220,a,22
166282,a,
166855,b,0
166860,b,27
166865,a,24
166897,b,24
166899,b,27
167073,b,
167075,b,24
167080,a,21
167084,b,0
167087,b,23
167090,a,48
167091,b,23
167092,b,22
167095,b,1
167100,b,
167192,a,26
167219,a,20
167253,b,19
167290,b,21
167292,b,20
167663,b,42
167664,b,
167678,b,
167688,a,44
167695,a,23
167854,b,
167878,a,36
167886,b,20
167887,b,50
167889,a,32
167893,a,34
167898,b,23
167899,d,32
167911,b,26
167912,b,28
170374,b,30
170375,b,31
170515,b,23
170520,a,21
170526,b,25
170529,b,20
170530,b,30
170533,a,23
170608,a,37
171182,b,24
171184,b,29
171185,b,25
171187,a,23
171193,b,
171197,b,30
171220,a,43
171224,b,22
171230,a,21
171231,b,29
171254,b,
171259,a,
171889,a,45
171893,a,22
171895,a,21
171898,a,29
171906,a,21
171951,b,32
171957,b,28
171964,a,47
172472,a,0
172644,b,
172649,b,
172679,b,20
172699,a,58
172706,d,25
172708,b,19
172714,a,32
172719,b,33
172725,b,
172756,b,
172794,b,21
172797,b,25
172799,b,19
172800,a,20
172804,b,21
172809,b,19
172815,a,29
172822,a,20
172828,b,18
172849,b,
172852,a,22
172855,a,27
172865,a,30
172874,a,19
172937,a,19
173276,b,18
173289,b,18
173291,b,32
173292,b,30
173295,b,27
173314,b,18
173348,b,26
173354,a,46
173358,b,36
173369,b,21
173380,a,20
173385,a,26
173391,b,23
173512,b,
173533,b,
173544,a,47
173548,b,31
173551,b,20
173617,b,28
173653,a,55
173657,a,25
173660,a,26
173678,a,20
176169,b,
176225,a,21
176235,a,23
176992,b,
176997,b,
177025,a,46
177098,a,24
177144,a,26
177149,d,22
177155,b,24
177163,a,28
177172,d,45
177174,a,31
177180,b,27
177181,b,21
178165,b,24
178170,b,22
178174,b,21
178536,c,32
178540,b,
178558,b,31
178567,b,
179592,d,0
179749,b,23
179758,d,51
179762,b,42
179768,a,31
180124,a,37
180126,a,27
180130,b,26
180131,a,43
180132,b,20
180135,b,26
180137,d,25
180138,b,20
180140,a,25
180141,b,43
180145,a,0
180360,b,37
180495,b,23
180687,b,19
180708,b,20
180717,d,0
181592,b,
181620,a,55
181622,b,27
181625,b,23
181631,b,20
181684,a,26
181698,a,37
181714,b,18
181849,a,21
181913,b,
181962,b,22
181999,d,36
188467,d,41
188564,d,24
192765,b,
192900,a,40
192901,b,21
192903,a,28
192912,c,35
192917,b,39
192921,b,36
193793,b,1
193795,a,1
193890,b,21
193892,a,24
193940,a,30
193942,a,45
194127,b,
194136,b,
194172,a,1
194173,a,25
194175,a,34
194176,b,1
194180,a,35
194182,a,29
194184,b,1
194188,a,27
194190,a,47
194192,a,41
194195,a,39
194197,a,27
194198,b,32
194210,b,24
194215,b,31
194276,a,23
194281,a,31
194285,a,51
194297,a,34
194299,a,41
195262,b,24
195263,b,21
195266,b,30
195273,a,30
195278,a,35
195280,b,21
195282,b,29
195329,a,34
195415,d,55
195475,b,
195482,b,
195488,b,45
195536,a,38
195539,b,26
195542,a,30
195544,a,34
195549,b,31
195553,b,28
195645,a,39
201641,b,33
201646,b,19
201648,b,26
201653,a,32
201655,a,49
202663,b,19
202667,b,43
202671,a,25
202674,b,22
202678,b,19
202844,b,
202871,b,
204173,b,
204245,b,
204251,b,
205449,a,35
205455,b,41
205460,a,35
205495,a,48
205503,b,26
205532,b,25
205644,b,30
205646,b,
205648,a,34
205650,b,
205660,b,
205683,a,28
205686,a,28
205694,b,31
205705,b,
205714,b,
205717,b,
205720,b,
206472,b,22
206484,a,20
206492,b,21
206502,b,34
206510,b,23
206512,b,18
206516,b,18
206518,b,21
206520,b,27
206524,b,18
206549,a,43
206554,b,21
206556,a,48
206558,b,48
206561,d,36
206562,a,28
206563,a,29
206569,c,34
206576,b,26
206582,b,19
206599,b,20
206703,a,59
206756,a,24
206760,a,27
206764,a,47
213777,a,46
215219,d,26
215228,a,30
215237,a,29
215244,b,35
215250,a,19
215254,b,31
215279,b,19
215370,b,49
215374,b,
215381,b,
215383,b,
215384,d,25
215395,d,46
215403,b,22
215413,a,25
215417,b,19
215421,a,23
215429,a,36
215430,b,
215544,b,
215561,a,
216673,b,25
216678,b,
216695,b,
216746,b,
216747,b,
216751,b,21
216756,a,32
216757,a,25
216761,b,
216762,b,27
216771,a,
217901,b,1
217968,b,24
217975,a,23
217984,b,42
218027,a,37
218050,a,26
218064,a,47
218069,b,27
218209,d,47
218221,a,36
218231,a,28
218237,b,19
218244,b,22
218248,b,29
218250,b,29
218255,a,37
219283,b,19
219361,b,27
219365,b,
219615,b,18
219627,b,
219632,b,19
219639,b,
219654,b,24
219667,a,
226361,b,
226400,b,25
226413,b,25
226432,a,26
226444,b,38
226454,b,23
226460,b,20
227486,a,28
227679,b,
227792,b,19
227858,b,18
227875,b,52
227957,b,29
228721,b,19
228724,b,18
228729,b,16
228730,b,20
228735,b,19
228742,b,
228745,b,
228748,b,
228757,a,
228785,b,16
228787,b,19
228791,b,17
228966,b,21
228993,b,19
229010,b,19
229059,b,17
229150,b,17
229158,b,20
229165,b,17
229168,b,17
229176,b,
229188,b,
229197,b,
229221,a,21
229233,b,41
229238,a,19
229265,a,23
230188,b,0
230564,d,
230566,d,
230685,a,27
230688,a,25
230690,a,36
230698,b,20
230706,b,
230711,d,28
230718,b,
230748,b,20
231495,b,
231503,b,
231505,a,
231517,d,
231519,b,
231528,a,
231530,b,
231644,b,
231658,b,
231837,b,
231951,a,
238421,b,
238526,b,
238539,b,
238544,b,
238862,b,
238901,b,
240234,a,
240258,b,
240267,b,
240398,c,
240403,a,
241551,a,
241559,b,
241574,a,
241577,b,
241580,a,
241585,b,24
242411,b,
242416,b,
242430,b,
242448,b,
242451,a,
242453,a,24
242460,b,
242464,a,
242465,b,
242468,a,34
242469,a,
242472,b,
242473,b,
242477,b,
242479,b,
242484,a,
242486,b,
242488,b,
242493,a,
242496,a,
242500,a,
242508,a,
242513,a,
242529,a,
242538,a,29
242543,b,
242549,a,
242552,a,
242557,d,
242562,a,
242566,b,
243157,b,
243159,a,
243234,b,
243247,b,
243254,b,
243292,b,
243295,b,
243307,b,
243345,b,
243347,b,
243351,c,
243355,b,
243356,a,24
243358,b,
243360,b,
243364,a,
243368,a,
243370,b,
243375,a,
243380,a,
243385,a,39
243390,a,
243395,b,
243399,b,
243401,b,
243415,a,
243425,b,
243443,b,
243445,b,
243470,b,
249384,b,
249687,b,
249812,b,
249867,b,
249952,b,
249970,b,
251242,b,
251409,b,
251439,b,
251444,b,
251491,b,
251518,b,
251568,b,
251571,b,
252649,a,
252654,b,
252659,b,
252660,b,
252675,b,
252691,b,
252692,b,
252716,b,
252718,a,
252726,b,
252728,a,32
252733,b,
252744,b,
252763,b,
252771,a,20
252778,a,
252786,d,
252803,b,
253827,b,
253828,b,
253932,a,30
253934,d,
253943,a,46
254768,b,
254917,a,
254923,b,
254929,a,
255067,b,
255068,b,
255080,b,
255085,b,
255091,b,
255101,b,
255111,a,
255115,b,
255119,b,
255121,a,
255122,b,
258290,b,
259077,b,
259086,b,
259291,a,22
259295,a,
259301,a,
259303,a,
259308,a,
259768,b,
259996,a,32
259999,a,53
260001,a,37
260007,a,
260008,b,
260011,b,
260013,a,22
260014,a,
260016,d,48
260023,d,
260027,b,
260039,b,
260050,b,
260053,a,
260059,a,
260514,b,
260525,b,
260723,a,
260747,a,
260753,a,30
260759,b,
260763,a,
261233,b,
261235,b,
261239,b,
261242,b,
261392,b,
261398,b,
261408,b,
261413,b,
261433,a,
261435,a,35
261436,a,
261437,a,
261444,a,26
261452,b,
261454,b,
261455,b,
261462,b,
261466,b,
261473,b,
261481,b,
261485,b,
261490,b,
261499,b,
261507,a,
261515,b,
261522,b,
261540,b,
261557,b,
264504,b,
264509,b,
264513,b,
265218,a,
265239,b,
265246,b,
265255,b,
265260,b,
265261,b,
265267,b,
265271,b,
265277,b,
265283,a,
265287,a,28
265290,a,24
265293,a,39
265295,a,
265296,a,
265297,a,
265299,a,33
266014,b,
266029,b,
266054,a,
266537,b,25
266660,b,
266712,b,
266718,b,
266722,b,
266730,b,
266737,b,
266744,a,
266746,b,
266749,d,
266750,b,
266752,a,
266758,a,
266761,b,
266763,b,
266767,b,
266768,d,
266773,a,
266776,d,
266829,a,
267256,b,
267475,a,43
267486,a,
267539,a,44
269139,b,
269837,b,
269862,b,
270353,a,26
270362,b,
270366,b,
270369,b,
270370,b,
270941,b,
271417,c,
274314,b,
274323,b,
274345,b,
274368,a,29
274370,b,
274371,a,24
274372,a,
274397,b,
274422,a,
275075,b,
275078,b,
275083,b,
275095,b,
275099,b,
275435,b,30
275637,a,39
275649,a,33
275654,b,42
275737,b,
275751,b,
275755,b,
275760,b,
275774,b,
275853,a,
275859,d,63
275861,a,41
275862,b,
275865,b,
275872,b,
275877,b,
275878,b,
275885,a,
275891,a,28
275894,a,
275897,a,
275902,a,
275908,a,
276462,b,
276478,b,
276565,b,
279022,b,
279132,b,
279679,a,
279682,b,
279709,b,
279712,a,
279715,a,
279718,b,
279721,b,
279727,a,31
279728,a,
279730,a,
279731,b,
279732,a,
279734,b,
279736,d,
279741,d,
279743,b,
279765,a,
279766,a,29
279776,a,33
279779,a,
279784,b,27
280101,b,
280205,b,
280211,b,
280216,b,
280219,b,
280225,b,
280231,a,29
280239,b,
280240,b,
280244,b,
280259,b,
280261,b,
280268,a,
280274,b,
280275,b,
280277,b,
280282,b,
280289,d,21
280302,c,33
280319,b,24
280788,b,37
280795,b,0
280796,b,34
280813,a,48
280814,a,37
280887,d,24
281263,b,18
281265,b,21
281270,b,16
281274,b,33
281275,b,17
281276,b,18
281278,b,17
281284,b,22
281287,b,23
281297,b,27
281302,b,31
281305,b,22
281310,b,21
281324,b,17
281326,b,19
281329,b,21
281394,a,0
281401,b,0
281427,d,26
281433,a,43
281444,a,32
281494,b,58
281497,b,30
284464,b,0
284953,b,24
284954,b,0
284957,b,0
284961,b,23
284964,b,0
284966,b,0
285141,b,0
285146,b,0
285155,b,31
285158,b,27
285160,b,41
285161,a,36
285163,a,32
285168,a,26
285170,a,26
285173,b,25
285175,a,34
285178,d,42
285187,a,26
285191,b,22
285193,a,23
285199,a,43
285205,b,18
285248,b,29
285688,a,28
285693,a,28
285876,b,22
285908,b,21
286084,b,0
286086,b,0
286099,b,0
286129,b,
286178,a,23
286208,a,36
286211,d,38
286213,a,23
286214,b,0
286221,b,0
286225,b,35
286232,a,23
286240,b,26
286243,a,48
286271,a,46
286272,a,23
286274,a,22
287020,b,17
287023,b,26
287025,b,18
287029,b,21
287033,b,22
287037,b,23
287043,b,25
287059,b,18
287062,b,19
287066,b,21
287076,b,19
287078,b,17
287081,b,20
287086,b,20
287093,b,35
287094,b,27
287178,b,25
287200,a,26
287278,b,0
287298,b,0
287338,b,22
287354,b,21
287355,b,24
287361,b,20
287382,a,25
287396,a,31
287407,a,40
287411,a,44
287415,a,35
287434,a,24
288219,b,0
288228,b,32
288400,b,24
288468,a,21
288471,b,27
288476,b,0
288509,a,27
288516,a,36
288528,a,24
288533,a,35
288540,a,22
288590,b,29
288626,a,29
288780,a,25
290003,b,20
291795,b,22
293187,a,0
293190,b,21
293196,b,0
293199,b,0
293251,b,0
294416,b,23
294836,b,0
294883,b,0
294907,d,24
294910,d,42
294912,b,25
294914,a,31
294919,b,27
294922,b,27
294925,a,25
294947,a,27
294957,b,0
296688,a,24
296692,a,49
296704,b,40
296737,b,0
296755,b,0
296764,a,30
296766,d,43
296769,b,0
296772,a,30
296785,b,25
296786,b,38
296790,b,0
296796,b,23
296798,b,0
296803,a,33
296804,b,0
296805,a,26
296811,a,38
296812,a,25
296949,b,0
296968,a,26
298457,b,21
298609,b,21
298619,b,21
298644,b,17
298664,b,18
298678,b,27
298688,a,57
298693,b,21
298697,b,20
298703,b,23
298707,b,23
298717,b,21
298722,b,20
299020,b,23
299028,b,33
299032,a,32
299042,b,20
299104,b,26
299120,b,0
299148,b,27
299152,b,0
299156,b,26
299224,d,47
299227,b,39
299228,a,22
299231,a,41
299240,b,29
299242,a,27
299248,a,40
299302,a,28
299416,a,22
299430,a,30
299435,a,26
299440,a,23
299446,a,23
300175,b,17
300260,b,19
300267,b,
300326,b,18
300359,b,0
300360,b,0
300368,b,0
300370,b,0
300375,b,0
300608,a,35
300614,a,24
300619,b,30
300625,a,27
300840,b,0
300845,b,0
300860,b,0
300931,b,27
300936,b,33
300939,a,41
300942,d,26
300944,a,35
300950,a,28
300959,b,19
300968,b,42
300977,a,41
300978,b,20
301069,b,18
301094,b,19
309729,b,0
309739,b,0
309812,b,24
311822,a,60
311844,a,28
311859,b,21
312006,b,0
312014,b,0
312019,a,0
312030,b,0
312072,d,36
312076,d,31
312110,a,30
312111,a,36
312119,a,36
312122,a,25
312127,b,26
312134,b,27
312314,b,26
313619,b,43
313625,a,24
313626,a,30
313631,a,30
313923,b,0
313928,b,0
313932,b,0
313937,b,0
313978,b,27
313980,a,38
313988,d,41
313993,a,28
314005,b,29
315513,b,0
315521,b,0
315667,a,46
315670,a,53
315680,b,34
315697,b,28
315842,a,29
315850,a,25
315913,b,23
315957,b,19
315959,b,23
316197,d,30
316198,a,29
316205,a,24
316216,d,49
316221,b,29
316227,b,23
316368,d,33
318641,d,47
318690,a,26
318696,a,27
318725,b,25
318754,a,22
318770,b,20
318776,a,26
318777,a,28
318794,a,50
318805,d,21
318815,a,26
318821,a,34
318961,a,30
318975,b,20
318982,b,0
318994,b,0
319001,b,0
319023,b,0
319131,a,22
319136,a,31
319141,a,36
319145,b,19
319150,b,23
319152,b,19
319153,b,35
319162,a,33
319166,b,20
319168,b,20
319179,d,36
319182,b,27
319186,b,20
319193,d,26
319197,a,53
319211,a,38
319220,b,46
319233,a,28
319265,b,32
319284,a,52
324861,a,33
324870,b,23
325046,b,50
326612,b,26
326627,b,21
326641,b,17
326653,b,22
326666,a,23
329063,d,28
329247,b,27
329396,b,0
329397,b,24
329421,b,0
330782,b,0
330791,b,0
331027,a,23
331143,b,0
331178,b,33
331179,a,47
331184,d,41
331188,a,27
331189,a,26
331197,a,35
331198,b,24
331203,d,19
331205,a,24
331238,a,40
332226,a,29
332579,b,0
332587,b,0
332628,b,19
332635,a,38
332650,b,24
332654,b,19
333438,b,28
333441,b,18
333447,d,27
333464,b,30
333465,b,30
333466,b,30
333473,b,23
333475,b,24
333498,b,0
333538,a,25
333539,b,27
333544,a,26
333556,a,26
333705,a,29
333708,b,26
333715,a,38
333723,b,42
333740,b,0
333786,d,31
333788,a,40
333795,b,20
333796,d,60
333798,b,18
333802,a,32
333806,b,36
333807,b,19
333811,b,25
333814,a,
333881,a,42
333934,a,27
333948,d,56
334919,a,28
334945,b,40
334951,b,22
335069,b,20
335081,b,56
335089,b,19
335092,b,19
335094,b,18
335099,b,18
335103,b,18
335109,b,22
335119,b,19
335130,a,24
335198,b,19
335206,b,24
335210,b,40
335215,b,27
335224,b,19
335231,b,35
335247,b,0
335255,d,47
335257,a,42
335263,a,34
335264,d,35
335270,a,29
335280,a,32
335284,b,21
335286,b,22
335334,b,27
335342,b,21
335361,b,0
335362,b,0
335365,a,29
335484,a,44
335597,a,33
335612,a,32
335634,b,23
335648,a,26
335654,a,29
335657,b,33
335677,b,29
335744,b,18
335778,b,19
335796,b,22
335821,b,21
344571,b,18
345035,b,0
345134,b,0
345516,a,24
347178,d,28
347404,b,0
347496,a,29
347501,b,33
347676,a,39
347853,b,0
347858,b,0
347861,b,0
347869,b,0
347873,b,0
347876,b,0
348181,b,22
348204,b,22
348217,b,47
349656,b,0
349658,a,0
349790,a,33
349796,b,
349800,b,
349804,b,25
349818,a,39
349856,b,
349860,b,26
349861,a,27
349867,a,44
349891,b,
349903,b,
349906,b,21
349937,b,29
350846,a,27
350859,b,37
350862,b,25
350869,b,30
350873,a,28
350886,b,19
350889,a,31
350947,b,29
350950,a,33
350952,b,33
350955,b,0
350978,b,33
350982,b,26
351155,b,0
351157,b,
351160,b,0
351249,b,24
351267,b,23
351271,b,26
351276,b,33
351291,b,28
351300,a,33
351302,b,35
351308,a,23
351314,a,26
351319,b,19
351322,d,29
351323,b,18
351324,a,48
351328,b,17
351331,b,17
351334,a,33
351411,d,23
352458,a,39
352487,b,29
352493,a,32
352498,b,21
352508,a,24
352608,a,45
352613,b,21
352616,a,24
352620,b,19
352624,a,27
352634,a,26
352642,d,30
352651,a,26
352660,b,19
352668,a,28
352904,d,32
360080,b,36
360360,b,0
360381,b,0
361539,b,0
361794,a,29
361797,b,0
361827,a,20
363359,b,23
363372,b,25
363385,b,0
363388,d,23
363390,b,0
363394,b,0
363398,b,0
363400,b,0
363401,b,29
363405,b,30
363423,b,34
363434,b,28
363435,b,38
363459,b,37
363719,d,27
363956,a,
364444,b,0
364470,b,0
364643,a,35
364717,d,49
364721,b,27
364795,b,0
364914,a,38
364916,a,38
364926,b,29
364929,a,27
364975,b,
364983,a,
364989,a,34
364990,d,
365004,a,
365006,d,38
365011,a,
365012,b,22
365018,d,
365026,a,
366071,b,35
366072,b,31
366074,b,28
366087,a,33
366147,b,25
366159,b,20
366162,b,18
366170,b,18
366175,b,17
366180,b,19
366186,b,20
366195,b,20
366223,b,38
366265,b,21
366274,b,21
366330,b,23
366334,b,29
366336,b,21
366360,b,38
366401,b,25
366431,b,22
366445,b,20
366557,d,35
366637,a,22
366645,a,0
366649,b,0
366720,a,25
366731,b,35
366735,b,47
366742,b,35
366744,a,
366747,a,32
366754,d,42
366756,b,21
366760,a,29
366762,b,23
366766,d,19
366776,b,28
366809,a,31
374021,b,21
374312,b,16
374329,b,0
374434,b,26
374456,b,23
375061,b,0
375089,b,20
375242,d,44
375249,b,20
375393,b,0
375401,b,0
375405,b,0
376462,b,0
376473,b,0
376536,b,25
376538,b,0
376542,a,37
376614,b,23
376795,a,31
377605,b,23
377619,b,0
377621,b,0
377627,b,0
377628,b,0
377716,b,22
377724,a,26
377729,a,22
377738,b,52
377746,b,33
377750,a,22
377756,a,30
377759,b,23
377762,b,30
377767,b,27
377771,b,41
377775,a,25
377885,b,0
377908,a,26
377922,b,35
377923,b,31
377934,b,0
377937,a,
377938,a,-61
377941,a,
377944,b,35
377947,b,
377953,b,36
377954,b,
377959,d,
377963,a,53
377968,a,
378789,a,25
378795,a,32
378802,b,0
378805,a,51
378810,a,40
378814,b,35
378824,a,21
378829,a,49
378842,d,37
378845,b,37
378962,a,46
378972,b,61
378980,b,27
379091,b,0
379094,b,0
379102,b,0
379136,c,
379139,a,24
379142,d,
379147,b,
379148,a,37
379151,a,
379155,a,53
379156,a,
379164,a,22
379165,b,
379169,d,
379173,b,22
379176,a,34
379232,b,19
379251,b,28
379263,b,19
383864,b,23
383975,b,21
383982,b,25
383991,a,30
383993,a,0
384003,b,0
384008,b,0
384981,b,0
384983,b,0
384986,b,0
384988,b,0
385231,b,20
385266,a,30
386188,a,22
386189,a,30
386195,b,31
386198,b,
386322,b,0
386328,b,0
386329,b,21
386333,b,0
386334,b,25
386338,b,0
386340,b,20
386341,b,19
386343,d,44
386352,b,20
386355,b,20
386360,b,18
386366,b,23
386367,a,
386374,b,
386376,a,31
386381,b,22
386387,b,20
386401,a,26
386402,b,39
386406,b,24
386407,b,50
386408,b,25
386411,b,44
386412,a,31
386432,b,22
386449,b,27
386452,b,23
386489,a,30
386499,b,28
386504,b,22
387018,a,26
387030,b,18
387036,b,0
387038,b,0
387044,b,21
387045,a,38
387046,b,38
387047,b,21
387053,b,35
387055,a,0
387065,b,20
387278,b,40
387327,a,
387331,a,32
387338,a,34
387343,a,46
387346,a,37
387358,a,38
387359,b,28
387362,a,35
387377,b,28
387935,a,34
387938,b,46
387940,a,45
387946,b,37
387949,b,24
387952,b,30
387955,b,24
387958,a,31
387959,a,26
387960,a,24
387961,b,27
388018,b,30
388020,b,22
388022,b,28
388034,b,57
388231,b,0
388238,b,25
392604,a,51
392659,a,24
393013,b,0
393032,b,0
393033,b,29
393040,b,0
393373,a,53
393403,a,21
393406,a,28
393417,d,19
393437,a,46
394297,b,0
394301,b,0
394331,b,0
394338,b,0
394344,b,0
396155,b,22
396162,b,27
396195,b,21
396207,b,0
396222,b,0
396237,a,22
397348,a,45
397349,b,33
397351,b,26
397355,b,24
397357,b,25
397360,b,30
397367,b,45
397369,a,38
397379,b,26
397382,b,40
397390,b,0
397399,b,26
397402,b,33
397404,b,20
397415,b,25
397417,a,29
397422,b,31
397426,b,0
397427,b,29
397429,b,0
397430,b,45
397432,b,20
397443,b,30
397460,b,24
397466,b,32
397471,b,25
397473,a,36
397757,b,40
397782,b,0
397820,b,24
397828,b,36
397835,b,20
397842,a,27
397856,b,34
397862,a,51
397928,a,22
398965,a,29
399060,b,44
399061,b,26
399079,b,32
399094,a,22
399095,b,23
399103,a,27
399117,a,20
399122,b,23
399285,a,24
399306,a,22
399368,b,0
399369,b,0
399371,a,0
399384,b,0
399398,a,30
404558,b,18
404570,b,18
404585,b,16
405021,b,0
405023,b,0
405026,b,0
405032,b,19
405045,b,0
405056,b,18
405064,b,29
405070,b,20
405075,b,20
405150,b,28
405310,b,18
406613,b,0
406618,b,0
406660,a,43
406671,b,27
406934,b,22
406936,a,46
406938,a,46
406944,b,27
406945,a,33
406948,a,37
406976,a,44
406978,b,44
406979,b,19
406980,a,26
406985,a,44
406987,b,31
407103,b,22
407110,b,37
407114,a,20
407121,b,20
407127,b,19
407140,a,22
408725,a,37
408815,a,27
408833,b,30
408840,a,0
408847,b,19
409109,b,24
409115,b,0
409122,b,42
409132,a,0
409134,a,0
409136,b,21
409137,b,25
409140,b,0
409142,b,0
409146,b,20
409157,b,43
409225,b,35
409249,a,0
409261,b,20
409383,a,23
410249,a,38
410254,b,23
410261,a,19
410275,a,20
410283,a,31
410287,b,26
410371,b,0
410692,d,21
410731,b,22
410755,b,20
410828,b,0
410829,a,24
410864,b,24
410889,a,25
410891,a,30
410901,a,29
410907,c,27
410911,a,25
410921,b,
410925,a,23
410929,a,31
410939,a,30
410942,a,25
410946,a,34
410952,a,28
410956,b,19
410965,b,25
410974,a,57
410996,b,20
411021,b,19
412154,b,0
412279,b,21
413106,b,21
414745,b,25
420254,b,20
420263,b,22
420449,b,0
420455,b,0
420458,b,0
420461,b,0
420466,b,0
420472,b,0
420683,b,20
421901,b,0
421902,b,0
421907,b,0
421962,d,49
421982,b,21
422037,b,18
422243,b,0
422244,b,0
422251,b,22
422259,b,43
422309,a,22
422314,a,27
422323,b,24
422328,a,44
422337,b,22
422348,b,28
422352,a,20
422355,b,29
422476,a,39
422569,b,39
422570,b,21
422581,b,46
423504,b,40
423652,b,32
423666,b,23
423669,a,32
423672,a,30
423676,b,20
423753,b,0
423756,b,0
423757,a,0
423758,b,0
424932,b,0
424933,b,0
424935,b,0
424937,b,0
424943,a,38
424946,b,27
424950,a,23
426252,a,29
426258,a,36
426265,a,45
426270,a,41
426276,b,26
426282,b,28
426293,a,31
426301,a,28
426322,d,47
426333,b,19
426336,a,35
426340,b,19
426347,a,25
426348,a,33
426580,b,36
426607,b,21
433316,a,0
433318,a,0
434299,b,0
434303,b,0
434308,b,
434311,b,0
434314,b,34
434319,b,0
434322,b,
435978,b,21
435988,a,46
436046,b,0
436080,b,22
436085,b,29
436094,b,119
436140,a,51
436195,a,21
436198,a,32
436201,b,29
436203,b,24
436206,b,35
436213,a,30
436214,b,19
436215,b,53
436219,b,28
436224,b,37
436226,b,25
436227,a,40
436233,b,22
436238,a,53
436241,a,23
436255,b,40
436263,b,32
436265,b,30
436268,a,33
436270,b,22
436272,b,21
436300,b,20
436337,a,32
437006,a,26
437009,b,26
437010,b,27
437029,b,34
437032,a,37
437064,b,42
437075,a,25
437082,a,61
437084,a,23
437091,a,26
437096,a,30
437097,b,0
437099,a,22
437100,b,0
437103,a,30
437104,b,0
437105,b,23
437106,b,0
437109,b,0
437112,a,46
437115,a,23
437121,a,41
437123,a,42
437125,a,43
437131,b,40
437148,a,28
437153,b,28
437163,d,29
437173,a,21
437176,d,27
437184,a,27
437193,b,38
437198,a,27
437210,a,29
437217,d,32
437396,a,27
437401,a,25
437406,a,30
437411,a,26
437415,d,25
437422,a,33
437430,a,51
437432,a,26
437434,a,38
437441,a,43
437443,a,30
437448,b,19
437451,a,46
437454,b,35
437457,a,32
437463,a,22
437692,b,19
438303,b,0
438414,a,20
438421,b,31
438425,a,21
438433,b,0
438434,a,25
438435,b,0
438436,a,35
438439,b,0
438442,a,29
438444,b,21
438448,c,51
438475,b,0
438488,a,32
438496,b,41
438504,a,28
438515,a,24
438516,b,27
438523,b,20
438530,a,38
438533,b,29
438538,a,31
438547,d,49
438548,b,26
438555,b,20
438561,a,34
438563,b,23
438566,d,27
438568,b,31
438570,b,39
438575,b,22
438576,b,19
438577,a,27
438585,a,23
438596,b,20
438604,b,16
438708,b,19
438762,b,24
438804,b,22
438839,b,0
438841,b,0
438846,a,0
438878,b,19
438918,b,0
438978,b,28
444011,b,33
444133,b,21
444194,b,0
444988,b,0
444992,b,0
445002,b,0
445003,b,0
446017,b,25
446019,b,21
446033,b,0
446039,b,30
446052,b,18
446154,b,42
446160,b,35
446163,b,42
446268,b,18
446313,b,0
446318,b,0
446321,b,0
447200,a,33
447203,b,27
447205,a,24
447209,a,32
447211,b,26
447213,b,21
447215,b,22
447222,b,27
447230,b,22
447233,b,28
447242,a,41
447243,a,27
447248,a,39
447251,b,30
447255,a,30
447259,b,0
447260,b,21
447265,b,0
447268,b,19
447269,b,0
447274,b,0
447277,b,0
447280,b,0
447521,a,26
447523,a,
448565,b,0
448572,b,0
448576,b,0
448584,b,0
448591,b,0
448601,b,0
453179,b,0
453196,b,0
454243,b,0
454256,b,0
454258,b,0
454728,a,29
454729,b,42
454740,a,27
454743,b,41
454784,a,24
454794,b,18
455278,a,21
455280,b,45
455286,a,24
455288,b,32
455291,b,22
455300,b,21
455305,b,25
455322,b,0
455332,b,0
455334,b,0
455364,a,24
455370,a,33
455381,a,41
455393,a,26
455407,a,25
455422,b,24
455431,b,39
455436,b,20
455439,b,20
455442,a,32
455459,a,28
455469,a,33
455482,b,27
455489,a,36
455491,a,55
455508,a,27
455514,a,25
455526,b,44
455579,b,23
455673,d,33
455694,a,31
455772,b,21
455784,b,26
455795,b,33
456022,a,
456026,b,
456033,a,
456039,b,
456043,b,
456048,a,
456053,b,
456056,b,
456058,b,
456059,b,
456063,a,
456068,b,
456071,b,
456075,a,
456080,b,
456082,b,
456085,b,
456089,b,
456091,b,
456095,b,
456098,d,
456101,a,
456105,a,
456109,b,
456112,a,
456114,b,
456116,b,
456399,b,24
456402,a,42
456406,b,19
456407,a,32
456410,a,21
456412,b,25
456413,a,27
456455,b,25
456462,a,31
456470,a,50
456479,a,24
456486,a,29
456497,a,46
456500,a,28
456510,a,38
456515,b,29
456550,b,19
456561,b,19
456583,b,26
456591,b,31
456636,b,26
456664,b,0
456667,b,0
456672,b,0
456685,b,19
456689,b,0
456708,b,21
456737,b,29
456810,b,20
462120,b,0
462124,b,0
462336,b,22
463150,a,0
463154,b,0
463158,b,0
463162,b,0
463201,b,23
463355,b,0
463514,b,20
463574,b,20
463612,b,21
464661,b,36
464662,b,37
464699,b,26
464704,a,0
464709,b,0
464712,b,0
464718,b,0
464826,d,19
464850,d,44
464866,a,35
465896,b,0
465910,b,0
465917,a,32
465923,a,37
465924,b,0
465925,a,23
465928,b,0
465934,b,0
465942,a,29
465960,b,29
465967,d,36
465972,a,23
466005,b,21
466020,b,32
466026,a,35
466292,b,36
466296,a,32
466300,b,23
466306,a,34
466308,b,29
466310,a,28
466314,a,33
466320,d,50
466321,a,50
466332,b,24
466338,a,29
466348,a,27
466356,d,25
466362,b,26
466366,b,37
466370,a,43
466377,a,32
466380,d,40
466409,a,47
466413,a,34
466432,d,27
466438,a,27
466444,a,34
466459,d,42
466474,a,32
466483,a,30
466487,a,41
466495,b,42
466497,a,42
466500,a,29
466504,a,27
466509,b,23
466514,b,28
466523,a,30
466525,b,22
466537,a,31
466566,b,30
467182,a,52
467443,a,31
467447,a,31
467451,a,22
467456,a,51
467463,a,25
467470,a,36
467475,a,31
467494,b,25
467511,d,24
467538,b,21
467546,b,21
467554,a,35
467557,b,33
467565,b,19
467567,b,21
467570,b,29
467574,b,20
467580,d,24
467583,a,36
467615,b,19
467690,b,22
467727,b,0
467736,a,0
467772,b,0
467861,b,33
467864,a,30
467865,a,38
467904,b,23
467910,a,46
467916,b,27
467930,a,28
467941,a,23
467947,b,26
467955,a,25
467969,a,30
467991,a,25
468000,b,24
468016,b,19
468032,a,43
476005,b,0
476010,b,
476013,b,0
476450,a,34
477892,b,29
477905,b,19
477911,b,22
477912,a,18
477916,b,21
477926,b,0
477934,b,0
478094,b,19
478293,b,19
478800,b,37
478864,b,0
478869,b,0
478874,b,0
478890,a,20
478901,a,29
478915,b,31
478922,d,31
478931,a,26
478946,b,29
478950,a,28
478953,c,24
478956,b,29
478959,a,31
478961,b,19
478964,b,24
478967,b,20
478969,a,36
478972,a,25
478984,b,37
478990,a,28
478992,b,38
479000,a,26
479004,b,22
479008,b,26
479017,b,37
479029,b,29
479032,a,22
479038,b,21
479202,b,18
479204,b,22
479211,b,22
479214,b,22
479216,b,25
479230,d,53
479241,a,22
479244,b,18
479246,a,24
479248,a,32
479250,d,39
479255,a,51
479256,a,27
479260,b,40
479263,a,30
479265,b,20
479270,a,38
479277,a,24
479284,a,43
479286,b,25
479296,d,24
479314,b,28
479328,a,30
479353,b,28
480228,a,42
480246,a,40
480265,b,21
480278,a,31
480295,d,41
480308,b,26
480319,b,20
480325,b,39
480343,b,32
480361,a,20
480363,b,32
480378,a,38
480585,b,0
480596,b,0
480613,a,30
480662,a,41
480678,b,28
480683,b,24
480688,b,34
480693,b,21
480699,b,27
480703,b,24
480709,a,27
480714,a,44
480715,b,21
480726,a,23
480732,b,27
480734,a,29
480736,b,19
480739,a,37
480751,b,37
480759,a,34
480951,b,36
480968,b,22
480997,b,30
481030,a,50
481050,b,27
481059,b,38
487217,b,19
487609,b,25
488276,b,37
488313,b,0
488319,b,0
488322,b,0
488341,b,0
488744,b,23
488763,b,0
489858,a,27
489862,b,31
489869,a,21
489917,b,0
489926,a,0
489929,b,0
489933,b,0
489934,b,0
489938,a,37
489939,b,0
489943,b,28
489953,b,0
489958,a,23
490025,b,21
491063,b,19
491067,a,23
491068,a,31
491072,a,28
491074,a,19
491076,b,35
491080,b,0
491081,a,20
491083,b,30
491084,b,0
491086,b,27
491089,b,24
491093,b,18
491096,b,0
491100,a,0
491104,b,0
491148,a,21
491153,a,25
491164,a,48
491175,b,18
491185,a,24
491196,a,30
491204,b,19
491214,b,21
491225,a,41
491241,a,25
491261,a,25
491262,a,22
491268,a,40
491302,a,52
491311,a,41
491315,b,38
491324,b,28
491459,a,39
491462,b,33
491464,b,34
491555,b,23
491561,a,40
491593,a,45
491604,b,22
491614,b,21
491626,a,21
491635,a,24
492551,b,49
492571,a,20
492574,b,19
492575,b,29
492583,b,27
492589,b,25
492591,b,24
492596,a,35
492599,b,23
492600,a,35
492647,b,20
492662,b,18
492668,b,24
492673,b,24
492697,b,28
492724,b,19
492735,b,26
492759,b,18
492832,b,19
493004,b,0
493009,a,0
493018,b,0
493030,b,0
493072,b,0
493088,a,31
493098,a,42
493109,a,52
493111,b,31
493131,b,20
493134,a,27
493139,b,20
493164,a,33
493175,a,36
493178,a,44
493186,b,20
493191,b,19
493195,b,35
499566,b,0
499576,b,0
499580,b,0
499632,b,0
500799,b,0
500806,b,0
500810,a,27
500819,b,0
501017,a,24
501035,b,40
501880,b,20
501881,b,31
501882,a,23
501884,b,19
501886,a,22
501887,a,21
501889,b,25
501895,d,33
501898,a,25
501900,a,29
502197,b,22
502200,a,25
502203,a,34
502217,b,24
502228,b,20
502281,b,26
502333,b,0
502337,b,0
502342,b,0
502346,a,0
502425,b,27
502457,b,19
502518,b,34
502525,b,35
502537,a,29
502544,a,41
502549,a,30
502555,b,35
502600,a,32
502611,a,29
502631,a,32
502667,a,34
502686,a,28
502708,a,25
502728,b,20
502735,d,41
502756,b,36
502769,b,30
502851,a,32
502867,a,43
502878,b,18
502888,b,18
502919,b,18
502986,a,25
503421,b,20
503520,b,46
503527,b,27
503541,b,32
503552,b,19
503574,a,25
503580,b,41
503590,b,47
503602,b,24
503615,a,27
503630,d,28
503635,d,47
503637,b,52
503644,b,20
503648,b,21
503652,d,22
503667,b,27
503905,b,20
503978,a,20
503980,b,21
503985,b,27
503989,b,35
503991,a,36
503997,a,34
504009,a,54
504021,a,45
504027,a,23
504032,b,32
504050,a,24
504054,a,25
504058,b,19
504062,b,23
504073,a,38
504081,a,30
504094,b,25
504820,a,0
504828,b,0
504833,b,0
504840,b,0
504842,b,0
504846,b,0
504850,b,0
505090,a,21
505170,b,30
505177,b,23
505187,b,57
505198,b,35
505207,b,28
505209,b,32
505212,b,30
505221,b,26
505223,b,25
505227,b,24
505232,a,53
505236,b,19
505238,d,23
505253,b,37
505266,a,30
505276,a,23
505283,b,24
505287,d,50
505444,d,24
505473,b,28
505497,b,30
505513,b,0
505518,b,0
505602,a,22
505606,b,37
505624,a,33
505636,a,34
505651,a,26
505673,d,21
505688,b,22
505707,a,47
505730,a,26
505761,b,31
505810,a,37
512603,a,32
512644,b,0
512657,b,0
512674,b,0
512677,b,0
512687,b,25
512705,b,18
512723,b,44
512734,a,35
512743,b,18
512756,b,30
512762,b,25
512784,b,33
512805,b,34
512834,b,33
513742,b,0
513748,b,0
513755,b,0
514050,d,32
514090,a,20
514148,b,25
514254,b,20
515558,b,24
515564,b,32
515569,a,20
515577,a,23
515578,b,28
515587,a,27
515676,b,0
515681,b,0
515686,b,0
515698,b,0
515707,b,0
515756,a,53
515761,b,25
515764,a,37
515779,b,18
515944,d,20
516944,a,22
516958,a,31
516968,a,38
516974,b,42
516979,b,25
516985,b,54
517010,a,48
517018,b,21
517029,a,33
517033,b,35
517044,b,38
517058,b,39
517073,a,30
517094,b,53
517428,b,26
517435,a,39
517443,a,37
517449,b,22
517458,a,34
517465,b,37
517476,a,23
517488,b,51
517495,a,66
517510,b,25
517517,a,29
517540,a,26
517551,a,43
517562,a,42
517566,a,42
518571,b,27
518659,a,34
518675,b,27
518704,a,24
518734,b,
518745,a,19
518762,a,31
518852,b,25
518879,b,30
518906,b,20
518935,b,19
518950,b,19
519130,a,0
519135,b,0
519141,a,0
519163,b,20
519180,b,19
519253,b,21
519270,a,32
519286,a,24
519296,b,25
519301,b,24
519307,b,30
519321,b,22
519324,a,33
519341,b,19
519354,b,18
519367,b,24
522832,d,25
526414,b,
526418,b,0
526420,b,
526426,b,0
526429,b,0
526495,b,25
527562,a,0
527566,b,0
527576,b,0
529303,b,36
529340,b,41
529393,a,30
529599,d,32
529680,b,26
529721,b,18
529803,d,
529812,b,22
529832,b,23
529840,b,17
529853,d,28
529880,a,19
529881,b,22
529908,b,22
529937,b,22
529960,a,20
529983,a,58
529997,b,31
530016,d,44
530033,b,18
530142,a,22
530150,b,28
530167,a,31
530186,a,28
530231,b,27
530258,b,29
530886,a,24
530887,b,32
530891,b,39
530894,a,0
530896,b,23
530898,b,18
530902,b,20
530910,a,33
530912,b,44
530913,b,30
530915,b,24
530917,b,31
530924,a,38
530926,b,21
530930,a,24
530931,b,27
530934,a,21
530937,b,18
530942,b,30
530956,b,21
530964,b,20
530978,b,38
531001,a,25
531014,a,29
531027,b,24
531039,b,26
531051,a,31
531070,d,37
531112,b,30
531139,a,29
531192,b,20
531202,b,19
531213,b,19
531255,b,24
531483,b,27
531586,a,51
531677,b,30
531678,a,39
531680,b,35
531684,b,21
531685,b,30
531704,b,21
531710,b,24
531720,b,21
531723,a,36
531724,b,21
531757,a,36
531765,a,38
531768,b,24
531772,b,24
531796,a,23
531813,d,26
531827,a,26
531843,a,29
531862,b,21
531895,b,21
531921,b,25
533498,d,39
533540,b,23
533552,a,28
533566,a,33
533591,d,57
533611,a,53
533621,a,36
533647,b,23
533772,b,20
534065,b,23
534096,b,28
534113,b,26
534218,b,19
534228,a,23
534233,b,34
534243,a,18
534246,b,20
534255,b,22
534257,d,24
534269,b,34
534276,a,39
534284,a,24
534289,b,29
534298,b,19
534301,b,34
534312,b,20
534320,c,20
534341,b,35
534347,a,35
534361,a,18
534389,b,25
534398,d,36
534412,a,29
534430,b,24
534441,a,19
534467,a,24
534497,b,23
534513,a,24
534536,a,24
534567,a,30
534595,a,39
546261,a,21
549215,b,21
549220,b,19
549233,b,21
550051,b,19
550136,b,22
550215,b,27
553156,c,0
553198,c,0
553217,c,0
553218,a,21
553228,c,0
553260,c,0
553363,b,0
553374,a,0
553789,a,17
553930,b,16
553969,b,21
556285,b,18
556381,b,28
556393,b,43
556404,a,26
556445,b,19
556470,b,43
556474,b,32
556485,a,55
556499,b,19
556502,a,29
556519,a,41
556521,d,41
556531,b,24
556541,a,23
556551,b,36
556571,a,48
556585,a,33
556599,a,26
556603,b,26
556636,a,26
556651,d,44
556662,b,24
556670,b,18
556695,d,20
556699,b,23
556705,b,48
556714,b,19
556726,a,46
556730,b,26
556738,b,26
556752,a,37
556791,b,20
556809,b,24
556823,d,20
556863,b,26
556978,b,28
557016,a,30
557021,a,20
557096,a,25
557104,d,42
557106,b,31
557113,b,18
557118,b,44
557128,b,30
557133,a,32
557136,d,57
557139,b,53
557164,d,33
557170,b,20
557191,a,32
557196,b,33
557207,b,19
557216,a,34
557228,b,19
557238,b,33
557253,a,29
557256,a,20
557261,b,35
557265,a,39
557273,a,26
557276,b,17
557281,b,19
557290,b,19
557296,a,20
557301,b,19
557305,b,19
557309,a,22
557330,b,34
557338,a,49
557349,a,19
557361,a,26
557377,a,21
557469,a,31
557492,b,24
557515,b,21
557539,a,22
557548,a,51
559034,b,26
559271,d,28
559286,a,24
559306,a,27
559332,b,22
559365,b,27
559377,b,44
559406,a,33
559430,b,19
559434,b,17
559439,b,22
559580,b,19
559636,b,19
559640,b,26
559683,b,35
559741,b,25
560011,b,17
560047,b,17
560051,d,61
560064,b,19
560085,b,18
560093,d,25
560103,a,36
560104,a,19
560150,a,25
560159,b,32
560179,b,22
560187,a,34
560206,d,37
560211,b,36
560229,b,39
560240,b,23
560251,b,21
560286,b,36
560304,b,21
560312,a,24
560318,a,32
560324,b,37
560337,b,30
560346,a,32
560358,a,36
560365,a,24
560381,b,23
560393,b,30
560403,a,30
560428,a,25
560434,d,28
560444,a,29
560456,b,31
560470,b,28
560498,a,28
560521,b,19
560532,d,58
560545,b,21
565679,b,36
566188,b,25
566237,b,29
566274,b,22
566295,b,21
566339,b,24
566359,b,29
570275,b,24
570282,b,0
570345,b,29
571804,b,21
572237,a,28
572529,a,25
572568,b,22
572580,b,31
572596,d,38
572606,a,22
572607,a,21
572635,a,22
572647,a,21
572683,b,22
572702,d,35
572725,a,25
572741,a,28
572754,b,23
572778,b,33
572784,a,20
572838,a,24
572879,a,43
572888,a,39
572908,a,35
573024,a,35
573049,b,27
573061,b,26
574870,b,22
574879,b,0
574888,b,0
574889,b,24
574908,b,30
574920,b,19
574935,b,18
574944,b,16
574959,b,25
574970,b,20
574987,b,18
575002,b,17
575014,b,17
575023,b,15
575045,b,17
575064,b,21
575073,a,23
575088,b,23
575106,b,21
575117,b,19
575123,a,33
575139,b,23
575150,b,30
575158,b,28
575181,a,31
575196,a,34
575197,b,19
575225,b,24
575252,a,29
575313,b,19
575348,a,19
575350,b,22
575377,a,32
575402,a,42
576157,a,23
576198,b,26
576212,b,28
576223,b,25
576265,a,46
576276,a,28
576278,b,25
576279,a,26
576317,a,43
576320,a,44
576330,a,51
576624,a,21
576630,b,26
576635,b,21
576638,b,23
576647,b,22
576655,a,26
576660,b,18
576672,b,19
576676,b,21
576682,b,22
576702,b,19
576709,d,22
576713,b,21
576717,b,19
576722,b,33
576727,a,40
576736,a,20
576747,b,26
576760,b,20
577035,b,18
577083,b,26
577116,b,26
577143,a,60
577144,b,32
577156,b,19
577200,b,20
577230,b,0
577238,a,30
577264,a,42
577309,b,20
577320,b,26
577331,a,20
577332,b,28
577342,b,31
577346,a,43
577347,b,30
577353,b,19
577355,a,30
577356,b,41
577364,a,34
577370,a,30
577379,b,0
577391,b,32
577402,b,27
577428,a,25
577455,b,19
577459,b,28
577470,b,20
577494,d,30
577616,b,25
577617,b,36
577628,b,20
577633,a,24
577634,b,20
577641,b,19
577647,a,22
577658,b,26
577659,b,21
577664,a,19
577670,b,27
577674,a,19
577680,a,31
577685,b,24
577689,b,26
577690,d,42
577696,b,18
577700,b,17
577713,b,22
577726,b,20
577732,b,40
577739,b,18
577750,b,27
577762,b,19
577781,d,42
577787,b,21
577795,a,27
577806,b,27
577817,b,24
577835,a,29
577848,b,24
577867,b,24
577870,b,20
577922,b,21
577971,a,24
577977,d,23
578075,a,25
578184,a,35
578213,b,39
578231,b,30
579671,b,47
579691,a,30
579699,a,55
579703,b,38
579706,a,26
579709,a,23
579712,b,19
579715,a,59
579734,a,35
579861,b,21
579897,b,19
579939,b,21
579988,b,19
580019,b,19
580178,b,23
580200,a,19
580703,b,29
581156,b,20
581174,a,38
581204,d,29
581212,b,23
581254,a,30
581296,b,19
581297,b,29
581359,a,31
581402,b,20
581464,a,33
581533,b,27
581544,b,38
585960,b,35
592043,a,29
592516,b,0
592558,b,0
592577,b,0
592799,b,0
593194,b,20
594165,b,25
594202,b,19
594249,b,31
595018,b,24
595298,b,19
595313,a,46
595744,b,21
595955,b,29
595968,b,18
596101,b,22
596115,b,20
596118,b,21
596131,a,32
596138,a,35
596149,a,38
596155,b,20
596168,b,22
596175,a,34
596184,b,23
596198,b,41
596219,b,20
596233,b,19
596246,b,19
596256,b,22
596266,a,34
596295,b,29
596307,b,21
596610,b,35
596715,d,22
596793,b,30
596829,d,21
596967,d,23
597049,d,31
597925,b,35
597939,b,20
597957,b,19
597969,b,20
597988,a,24
597999,b,17
598004,b,0
598025,a,23
598036,b,20
598041,b,20
598062,b,17
598075,b,17
598082,b,30
598106,b,19
598179,b,21
598618,a,32
598772,a,30
598790,a,55
598806,b,28
598822,b,20
598836,a,19
598860,b,27
598867,b,21
598904,a,38
599123,d,20
599174,b,34
599225,d,37
600343,b,0
600352,b,31
600358,b,20
600363,b,18
600381,d,33
600387,b,29
600392,a,45
600764,a,37
600768,a,27
600774,d,22
600779,b,37
600789,b,30
600808,b,21
600811,d,44
600814,b,20
600817,a,31
600823,d,42
600824,b,18
600842,b,24
600871,b,0
600905,b,25
601163,a,28
601207,a,38
601241,d,32
601284,b,37
601303,c,32
601332,b,27
601676,b,19
601690,b,22
601705,b,53
601716,b,26
601719,a,
601725,b,19
601736,b,22
601744,b,21
601773,a,19
601774,b,21
601775,b,19
601782,b,21
601785,b,30
601793,b,29
601797,b,27
601803,d,23
601807,a,36
601810,a,22
601814,a,49
601821,a,21
601823,d,37
601824,b,21
601833,b,19
601834,b,19
601843,b,21
601844,a,23
601855,b,25
601860,b,27
601866,d,42
601999,a,26
602032,a,29
602112,b,32
602138,a,31
603551,a,34
603631,d,42
603653,a,24
603764,b,26
603787,b,22
604043,b,19
604053,a,41
604064,b,31
604068,a,32
604080,b,26
604099,b,22
604105,a,38
604207,b,40
604217,b,21
604236,a,27
604252,b,22
604345,a,35
604354,a,21
604358,b,23
604363,b,45
604377,b,53
604397,b,22
604477,b,21
604509,b,27
604523,b,28
604601,a,16
604911,b,27
604963,d,34
605035,a,29
605090,a,27
605505,d,29
615670,b,21
615680,b,25
615704,b,
615739,b,31
616426,b,20
618180,a,18
618187,b,34
618190,b,25
618245,b,19
618592,b,22
618600,b,29
618612,b,19
618619,b,23
618633,b,20
618649,b,21
618659,b,24
618780,b,18
618790,a,31
619841,b,29
619943,b,30
619967,d,33
619989,b,45
620008,a,41
620030,b,27
620062,d,39
620103,d,35
620167,b,18
620231,a,24
620235,b,38
620258,b,34
620275,d,36
620307,b,18
620324,a,37
620346,b,18
620375,d,35
620398,b,47
621067,b,33
621098,b,18
621110,b,30
621124,b,21
621134,b,18
621148,b,16
621180,b,20
621196,b,17
621205,b,19
621227,b,19
621632,b,28
621641,b,43
621647,b,0
621667,a,21
621669,a,23
621671,b,34
621672,a,22
621816,b,19
621834,b,19
621844,b,20
621861,b,19
621877,b,18
621899,b,19
621908,b,19
621924,a,30
621935,b,21
621946,b,38
621963,b,27
621979,b,18
622002,b,21
622224,b,20
622404,a,23
622429,a,23
622452,b,23
622474,b,18
622533,a,22
622554,b,20
622569,b,26
622584,b,48
622601,b,35
622630,a,21
622634,a,28
622649,b,28
622666,a,20
622676,b,37
622683,a,24
622689,a,25
622714,b,32
622723,b,27
622742,b,22
622765,a,21
622789,b,29
622808,b,43
622851,b,26
622870,a,26
622886,a,65
622909,a,24
622934,b,27
622980,b,20
623050,d,28
623068,a,32
623917,b,46
623940,a,48
624014,a,29
624088,b,29
624092,b,34
624106,b,26
624121,b,33
624131,b,17
624146,a,18
624148,b,19
624159,b,18
624164,b,21
624167,b,35
624238,a,21
624239,a,29
624265,a,22
624281,b,39
624298,b,23
624338,a,25
624364,b,22
624385,b,23
624513,b,41
624541,a,21
624570,b,23
624603,b,19
624623,d,19
624645,b,22
624682,b,36
625024,a,34
625052,a,44
625071,b,21
625087,b,27
625103,b,17
625122,b,35
625141,b,23
625145,b,35
625160,a,31
625175,b,19
625182,a,27
625193,b,17
625211,b,33
625213,a,51
625228,b,26
625239,b,30
625242,b,19
625263,b,20
625285,b,20
627002,b,21
627009,a,45
627018,b,39
627028,a,47
627048,b,20
627499,b,32
627565,a,38
627581,b,25
627617,b,19
627622,a,24
627642,a,27
627655,a,45
627676,b,36
627686,a,46
627691,a,23
627707,b,34
627795,b,35
627896,b,20
627908,a,23
627912,b,20
627930,b,25
627935,a,21
627942,b,36
627952,b,18
627959,b,20
627963,b,29
627974,b,19
627977,a,28
628130,b,20
628153,b,25
628194,b,22
628310,a,27
628325,a,37
628534,a,33
628582,b,44
628616,a,28
628668,b,24
628770,b,19
628817,a,30
628847,b,42
628887,d,23
628999,b,34
629049,b,41
629136,a,20
629220,a,40
629430,a,30
629524,a,28
629832,d,26
630023,a,49
630166,a,32
630281,d,38
639323,a,35
639560,b,21
639640,b,0
639646,b,31
639656,b,22
639664,b,0
639839,b,25
639897,b,19
640024,b,19
640125,b,18
640155,b,28
640172,b,29
640921,a,31
640972,a,40
640996,b,46
640999,b,23
641108,b,38
641124,a,27
641152,b,24
641153,a,40
641168,b,26
641171,d,40
641186,b,26
641221,a,26
641224,a,25
641235,b,19
641245,b,30
641258,a,33
641268,a,25
641274,b,32
641612,b,38
641616,a,27
641621,b,29
641625,b,24
641627,a,25
641631,a,22
641644,d,28
641653,b,32
641661,a,36
641665,a,35
641676,c,27
641677,b,19
641678,a,28
641680,b,21
641681,b,28
641682,b,18
641683,b,20
641690,a,37
641701,a,23
641706,b,43
641714,b,22
641717,b,23
641722,b,19
641727,a,39
641730,a,25
641731,b,22
641732,a,45
641739,b,27
641744,a,48
641746,b,17
641770,a,19
642158,b,31
642173,b,23
642606,a,36
642628,b,19
642648,a,24
642681,d,41
642716,a,25
642774,a,40
642811,b,40
642820,a,32
642842,a,28
642892,b,25
642943,a,22
643005,a,29
643138,a,40
643160,a,40
643252,b,27
643300,b,25
643325,b,28
643361,a,22
643370,b,20
643381,b,27
643411,b,27
643427,b,21
643446,b,28
643465,b,25
643476,a,26
643521,d,37
643524,d,41
643525,a,29
643557,d,21
643569,b,24
643587,b,19
643672,a,40
643699,a,29
643762,d,33
643820,d,23
643825,d,26
643869,d,26
643899,a,36
643917,a,
643922,b,27
644586,b,21
644590,b,20
644593,b,0
644645,b,30
644655,b,19
644660,b,27
644668,a,24
644673,b,20
644681,a,40
644683,b,25
644684,a,49
644689,b,26
644696,a,26
644704,b,25
644706,b,27
644707,d,39
644709,b,42
644723,b,23
644761,b,27
644774,b,26
644778,b,35
644796,b,25
644806,b,19
644808,b,17
644818,b,18
644822,a,25
644824,b,18
644842,a,32
644850,a,26
644858,b,22
644871,a,40
644877,b,21
644972,d,23
645020,a,21
645029,a,21
645071,a,0
645829,b,24
645836,b,23
646141,a,30
646178,b,24
646207,a,24
646249,b,34
646262,b,27
646268,b,29
646282,a,26
646299,a,31
646310,a,18
646324,b,20
646334,b,37
646353,a,38
646366,b,37
646385,b,20
646395,a,44
646414,b,20
646424,b,22
646438,b,18
647787,b,26
647838,b,27
647865,b,21
652068,b,25
652105,b,18
652131,b,25
654986,b,36
654991,b,41
654997,b,18
654998,b,18
655001,b,20
655006,a,29
655009,b,34
655021,a,29
655025,b,19
655030,b,36
655033,b,32
655035,b,19
655037,b,24
655042,a,19
655044,a,28
655049,b,48
655051,a,28
655068,b,35
655070,b,29
655073,b,22
663221,b,18
663236,b,18
663347,b,23
663578,b,27
663908,b,25
664151,a,23
664160,a,40
664215,b,28
664240,a,57
664269,a,
665941,a,19
665943,a,22
665948,a,27
665953,a,22
665955,a,50
665958,b,35
665961,b,29
665964,b,20
665966,b,20
665967,a,20
666103,b,0
666107,b,0
666117,a,20
666120,b,38
666124,b,0
666133,b,0
666183,d,28
666213,b,21
666253,b,21
666347,b,23
666381,b,36
666406,b,27
666419,b,24
666438,b,20
666453,a,23
666473,b,23
666495,b,24
666509,b,20
666523,b,20
666552,a,21
666566,b,19
666579,b,18
666598,b,22
666616,b,18
666627,b,18
666637,a,30
666778,b,19
667259,b,25
668601,b,20
668605,a,21
668607,a,30
668609,b,21
668612,a,28
668614,b,20
668619,a,48
668622,a,38
668646,b,20
668649,a,27
668652,b,34
668656,b,44
668659,b,20
668662,a,21
668665,a,24
668668,a,53
668715,b,23
668717,a,32
668722,b,31
668732,b,23
668738,b,17
668747,b,35
668758,b,18
668784,b,17
668801,b,17
668802,b,20
668803,b,23
668818,b,35
668877,d,28
669255,a,39
669264,a,33
669360,a,39
669383,a,24
669406,b,20
669411,b,24
669420,b,19
669429,b,19
669461,b,32
669511,b,20
669530,b,16
669547,a,36
669548,b,23
669558,b,23
669559,b,18
669569,b,21
669575,a,27
669583,b,21
669591,a,21
669603,a,40
669611,b,18
669626,d,19
669639,b,18
669640,d,37
669642,a,26
669651,b,17
669658,b,19
669663,b,18
669676,b,27
669685,b,21
669748,b,18
669760,a,
669766,b,21
670009,b,40
670099,b,21
670114,b,21
670133,a,42
670165,b,32
670219,b,39
670324,b,23
670409,b,22
670456,b,26
670539,a,38
671481,b,28
671497,b,29
671508,b,22
671509,a,29
671519,b,20
671522,b,44
671534,b,20
671544,b,17
671549,a,37
671558,b,17
671566,b,37
671584,b,20
671607,b,28
671631,a,21
671666,d,25
671780,a,21
671840,d,25
671906,d,37
671996,a,32
672035,a,52
672077,b,20
672107,b,18
672174,a,33
672354,b,16
672376,b,25
672385,b,31
672401,b,21
672423,b,19
672424,b,25
672443,b,17
672445,b,37
672450,b,16
672453,b,17
672464,b,19
672465,b,17
672467,b,21
672483,a,22
672484,b,19
672485,b,23
672509,b,19
672541,b,40
672567,b,27
672583,b,36
672606,b,37
672607,b,24
672644,a,43
672658,b,23
672684,a,45
672685,b,35
672703,b,18
672722,a,24
672741,b,18
672803,a,33
672807,a,28
672829,d,39
672883,a,31
672894,b,38
672916,a,31
672964,b,43
672976,b,20
672989,b,26
673007,b,26
673063,a,23
674178,b,26
674202,a,40
674208,a,40
674235,b,21
674245,a,48
674254,a,37
674276,a,33
674303,b,20
674304,a,31
674349,a,27
674385,a,27
674453,b,24
674479,a,26
674722,d,50
674735,a,22
674770,b,18
674791,b,25
674810,a,21
674855,b,
674865,a,27
674890,b,21
674916,d,28
674945,a,23
674947,b,20
674997,b,18
675011,b,20
675079,b,30
675134,b,18
675167,d,45
675194,a,49
675198,a,25
675213,b,29
675275,d,59
675410,a,42
675448,b,17
675454,a,55
675509,b,19
675545,a,29
675657,b,19
675690,a,55
675699,b,22
675700,b,19
675723,b,42
675785,a,37
675842,b,20
675864,b,25
675932,d,22
685527,b,27
685536,b,18
685539,b,39
685546,a,21
685548,b,27
685554,b,20
685562,a,48
685578,a,56
686056,b,49
686231,b,29
686396,b,21
686451,b,26
686477,b,28
686489,b,27
686510,a,35
686532,b,21
686537,b,26
686656,b,24
686668,b,21
686701,b,18
686721,a,27
686725,a,43
686759,a,23
686793,b,35
686798,b,51
686812,b,24
686821,b,21
686832,b,18
688331,b,25
688341,b,27
688351,b,0
688406,b,26
688438,b,18
688445,a,57
688482,b,19
688489,b,31
688498,b,24
688530,b,20
688559,a,41
688759,b,24
688765,b,22
688799,b,19
688843,b,32
688866,a,31
688877,b,19
688894,b,43
688945,b,18
689136,b,34
689162,b,
689163,b,24
689186,b,20
689225,b,33
689283,a,60
689332,a,35
691120,b,19
691127,b,23
691134,b,18
691146,a,40
691160,b,20
691165,b,27
691206,b,20
691222,b,22
691231,b,17
691246,b,30
691264,b,17
691277,a,48
691290,a,39
691343,b,23
691539,b,21
691551,b,21
691569,b,37
691585,d,33
691631,b,23
691647,b,25
691667,b,28
691680,d,23
691686,a,24
691690,b,20
691705,b,23
691725,a,29
691994,b,24
691998,b,17
692009,b,18
692017,b,32
692023,b,17
692038,b,22
692047,b,19
692059,a,23
692068,b,18
692080,b,18
692096,b,23
692102,b,16
692116,b,27
692117,a,23
692141,b,19
692157,b,23
692167,a,21
692173,b,17
692183,b,33
692190,b,30
692198,d,38
692208,b,27
692211,b,35
692227,d,35
692237,b,30
692248,b,25
692264,d,42
692278,b,22
692284,b,20
692317,a,19
692323,b,32
692336,b,19
692351,a,42
692371,a,48
692387,a,37
692521,d,46
692594,b,22
692698,b,19
692759,b,19
692783,d,35
692815,a,30
694094,b,18
694140,b,27
694145,b,27
694191,b,21
694224,b,20
694232,a,18
694416,b,20
694449,b,19
694468,b,34
694494,b,47
694514,b,22
694537,b,27
694550,b,27
694575,b,18
694593,b,19
694621,b,18
694647,b,18
694661,b,18
695010,b,19
695054,a,40
695097,b,20
695107,b,21
695111,a,32
695116,b,17
695127,b,24
695136,a,25
695159,b,37
695177,b,18
695187,b,29
695194,b,31
695217,b,120
695231,b,21
695256,a,21
695269,a,44
695284,a,27
695293,a,30
695304,a,51
695370,b,33
695371,b,22
695423,a,32
697428,b,19
697607,d,35
697651,d,135
697689,d,41
697793,b,21
697798,b,21
697805,b,20
697817,b,34
697831,b,29
697838,b,18
697842,b,25
697847,a,31
697853,b,27
697886,b,23
697889,b,23
697901,a,31
697915,d,38
698000,b,0
698004,b,23
698011,b,26
698015,a,32
698018,b,18
698021,b,25
698027,b,28
698033,b,37
698038,b,51
698042,b,18
698049,a,26
698050,b,19
698119,b,27
698146,b,18
698156,a,36
698365,b,20
698370,b,18
698457,b,19
698574,a,37
699707,b,22
709127,a,25
709146,b,39
709175,d,38
709640,b,19
709942,b,0
709945,b,34
709953,b,0
709955,b,20
709967,b,20
709971,b,0
712034,b,21
712044,b,27
712053,b,28
712055,b,20
712059,b,27
712082,b,18
712088,b,38
712090,b,26
712091,d,33
712092,b,28
712094,a,22
712097,b,19
712113,a,26
712114,a,26
712118,b,35
712181,b,39
712192,a,19
712198,b,21
715949,a,32
715987,b,25
716023,d,30
716060,b,22
716078,b,19
716102,a,20
716140,d,32
716155,b,29
716171,d,24
716192,b,19
716200,d,31
716225,a,28
716249,b,20
716547,b,22
716573,a,25
716609,b,17
716626,b,21
716638,b,18
716664,b,18
716674,b,16
716709,b,20
716723,b,18
716726,b,27
716758,b,19
716778,b,18
716819,b,18
716841,a,34
716891,b,19
716906,b,17
716937,b,18
716966,b,28
719186,b,0
719211,b,21
719227,b,24
719323,b,31
719340,b,18
719349,b,18
719357,b,19
719376,b,20
719387,a,24
719404,b,18
719435,a,35
719938,a,18
719965,a,28
719980,b,20
720004,b,32
720029,b,18
720058,b,20
720078,b,21
720092,d,34
720130,a,30
720154,a,25
720190,a,39
720770,d,30
720817,b,18
720933,b,28
720970,b,23
721006,b,18
721033,b,18
721096,b,19
721138,b,19
722684,a,22
722742,a,56
722753,a,44
722758,a,48
722771,b,27
722792,b,30
722815,a,51
723047,b,22
723095,a,20
723345,a,31
723372,a,23
723390,b,24
723512,b,22
735054,b,19
735070,b,18
735075,b,26
735107,a,25
735133,b,25
735173,a,30
737082,a,30
737089,b,31
737237,b,21
737358,b,0
737364,b,25
737370,b,27
737377,b,23
739930,a,46
740062,d,54
740063,b,29
740078,b,24
740090,b,0
740095,a,36
740117,b,21
740440,b,21
740631,a,26
740659,a,20
740674,a,37
740690,a,35
740700,a,22
740712,d,29
740732,b,39
740756,b,23
740786,b,24
742250,a,36
742265,b,25
742278,a,29
742716,a,26
742747,b,24
742758,b,19
742767,b,21
742774,b,21
742946,a,24
743107,b,22
743214,b,24
743248,b,50
743256,a,22
743445,b,18
743478,b,25
743541,b,18
743578,d,19
743614,b,20
743668,b,40
743705,a,25
745364,b,27
745431,a,25
745435,a,21
756238,a,19
756240,b,31
756244,b,38
758590,a,52
760491,b,25
760492,b,25
760495,b,27
760498,b,19
760500,a,53
760501,b,23
760504,b,20
760513,a,36
760517,d,33
760527,a,27
760530,d,22
760533,a,36
760535,a,36
760537,d,20
760542,b,23
760554,d,36
760630,a,49
760632,a,22
760640,a,53
760682,d,41
760986,a,46
761005,b,42
761014,b,22
761035,b,19
761049,b,18
761375,b,19
761389,b,21
761418,a,20
761426,a,27
762737,b,37
762745,b,18
762776,b,18
762802,b,27
762843,a,30
767240,b,21
775560,a,27
775593,a,24
775600,b,33
775633,b,34
775639,b,19
775667,b,21
775684,b,19
775689,b,28
775705,a,47
775707,b,25
775792,b,18
776069,d,35
776083,b,22
776086,b,25
776108,d,39
776111,b,35
776124,a,24
776131,d,56
776137,b,20
776144,b,23
776145,b,23
776148,a,27
776158,a,47
776160,b,20
777521,b,25
777523,a,26
777531,b,22
777535,a,32
777547,d,52
777549,d,29
777641,a,88
777643,b,44
777667,d,30
777681,a,38
777687,b,28
777727,b,25
778179,b,28
778192,b,24
778208,b,31
778216,a,23
778227,a,23
778238,a,32
778253,a,25
778263,a,31
778269,b,23
778278,d,42
778282,d,23
778284,b,33
778286,b,56
778290,b,29
778297,b,32
778298,a,28
778303,b,25
778309,a,18
778311,a,30
778312,b,30
778324,a,42
778325,b,20
778328,b,18
778341,a,26
778350,b,27
778351,b,43
778380,a,39
779640,a,29
779642,a,26
779658,b,31
779668,a,51
779671,d,25
779680,b,40
779695,a,39
779699,d,23
779713,a,31
779716,a,
779736,d,38
779853,a,20
779878,b,23
779904,a,27
779914,b,22
779951,b,22
779998,a,26
780010,b,22
780013,b,22
780021,b,23
780026,a,45
780034,a,34
780041,a,28
780046,b,28
780057,b,32
780060,b,23
780069,a,34
780084,b,29
780090,d,23
780101,a,31
780128,b,19
787456,a,0
787457,a,32
787466,b,25
787507,a,26
787612,b,28
788966,a,66
788968,b,20
789020,b,22
789047,b,22
789077,b,25
789127,b,39
789148,b,35
789168,d,25
789189,b,18
789201,a,47
789225,a,32
789250,a,34
789274,a,43
789296,a,31
789440,a,29
789480,a,19
789499,a,21
789521,b,27
789540,a,29
789553,b,36
789567,a,30
789645,b,27
789653,a,24
789672,b,24
789681,a,45
789712,b,27
789722,a,43
789737,a,44
789753,b,36
790796,b,30
790834,b,27
790846,b,23
790853,a,50
790933,b,24
791228,a,24
791241,b,27
791260,b,20
791268,a,0
791319,b,27
791337,a,29
791348,b,21
791354,b,17
791369,b,18
791374,b,23
791379,b,51
791387,b,21
791392,b,28
791395,b,17
791399,b,29
791401,b,22
791417,b,17
791419,b,31
791421,a,49
791424,b,
791429,a,45
791472,d,36
792680,b,28
792686,b,30
792697,a,41
792701,b,38
792707,b,27
792721,a,64
792723,a,34
792752,d,28
792770,b,32
792780,a,26
792785,b,18
792791,d,51
792802,a,29
792809,b,22
792819,b,35
792821,a,37
792831,a,23
792835,a,36
792845,b,25
792857,b,43
792869,a,26
792879,b,23
792889,a,37
792915,a,40
792932,b,-1
792992,a,20
793017,a,48
793044,a,36
793067,b,27
793119,a,26
793147,a,37
793166,b,20
793178,b,0
793183,b,28
793215,d,34
793253,b,43
793265,b,22
793271,a,44
793308,a,32
793325,b,22
793328,a,39
793332,a,34
793337,b,22
793339,b,21
793346,b,27
793350,b,21
793354,d,48
793366,b,42
793369,a,37
793372,b,26
793377,b,28
794654,a,37
794670,b,22
794709,b,22
794713,b,18
794738,d,52
794756,a,37
794767,b,43
794778,a,43
794815,b,22
794817,a,28
794843,d,23
794849,a,36
794859,b,
794885,a,24
794891,b,23
794916,a,32
794921,d,26
794953,d,32
794987,b,29
795006,b,51
795010,d,27
795051,b,22
795066,b,26
795165,b,0
795176,a,44
795183,b,28
795189,a,43
795198,b,24
795206,b,21
795214,b,19
795220,b,23
795222,b,18
795231,b,19
795240,b,24
795250,b,45
795254,b,21
795261,b,23
795271,b,29
795274,b,50
802499,b,32
802576,b,21
803078,b,18
803086,b,17
803090,a,26
803103,a,21
803108,b,21
803119,a,32
803125,b,18
803139,a,29
803174,a,26
803317,b,18
803356,b,28
804632,a,51
804648,a,28
804662,a,20
804667,a,48
805161,a,30
805189,a,20
805199,a,19
805211,b,43
805219,b,42
805225,a,18
805393,b,25
805403,a,31
805421,a,32
805430,a,21
805451,d,34
805536,a,52
806701,a,28
806722,d,19
806730,a,26
806742,b,21
806744,a,34
806756,b,18
806763,b,19
806765,b,31
806775,b,18
806780,d,43
806799,b,38
806808,a,39
806844,b,21
806853,a,21
806864,b,44
806870,a,0
806874,a,27
806901,d,36
806904,a,35
806910,a,
806920,b,25
806923,a,33
806940,b,31
806942,a,0
807116,b,43
807169,a,19
807179,b,31
807192,b,42
807202,b,19
807214,a,29
807229,b,24
807244,b,33
807255,b,16
807261,b,19
807281,d,25
807293,b,19
807308,b,32
807318,d,27
807319,b,18
807340,b,22
807346,b,29
807364,a,37
807399,a,49
807507,d,21
808546,b,19
808599,b,18
808606,b,18
808620,b,19
808636,b,22
808652,b,30
808658,a,38
808704,a,22
808769,b,29
808830,b,52
808855,d,30
808893,a,25
808919,b,27
808949,b,26
808982,a,20
809021,a,20
809116,a,18
809126,a,19
809128,b,22
809181,a,23
809322,a,39
809352,b,25
809360,a,23
809369,a,58
809376,a,32
809391,b,22
809408,a,32
809424,b,46
809436,b,35
809451,b,24
809491,a,26
809595,a,25
809626,b,18
809682,b,23
809707,b,20
810704,a,42
810894,a,24
810906,a,36
810910,a,52
810923,b,25
810933,b,27
810936,a,34
810944,b,22
810949,b,38
810961,b,54
810969,b,32
810977,a,26
810979,b,22
810984,a,38
810991,b,19
810994,b,42
811009,b,28
811010,d,30
811021,a,26
811038,a,45
811046,b,26
811137,a,28
811205,b,21
811267,d,24
811304,b,23
811343,a,32
811378,a,21
811406,a,37
811433,b,25
811435,b,30
811457,a,21
811470,a,30
811478,b,25
811486,b,0
811495,b,19
811533,a,42
811540,b,24
811551,b,38
811558,b,54
811577,a,46
811590,b,
811650,a,33
811683,a,28
811737,a,51
811751,d,35
811757,a,27
811760,b,23
811780,a,38
811787,b,23
811793,a,41
811804,a,36
811808,b,28
811811,a,25
811819,d,33
811821,d,30
811829,d,63
811846,b,20
811867,a,27
821286,b,18
821302,b,20
821311,b,16
821318,a,17
821336,b,17
821340,b,21
821357,b,17
821365,b,32
821374,b,20
821396,b,24
821412,b,22
821427,a,39
821446,b,20
821453,a,19
821463,b,23
821477,b,22
821481,a,30
821487,b,47
821499,b,28
821513,b,25
821518,a,30
821537,b,39
821645,b,18
821665,b,48
821744,a,23
821755,a,20
821766,a,26
821779,b,
821880,a,32
821898,b,21
821927,d,62
822027,a,0
822117,b,19
822139,b,19
822156,b,19
822163,b,23
822391,a,25
822421,b,25
822444,a,33
822455,b,24
822464,b,39
822480,a,18
822498,b,24
822512,a,45
822668,b,22
823674,b,21
823676,b,20
823683,a,25
823684,b,18
823691,b,31
823693,b,26
823698,b,22
823700,a,55
823704,b,24
823707,b,20
823708,b,19
823711,b,42
823717,a,25
823763,a,20
823770,a,19
823806,b,20
823819,b,21
823830,b,19
823835,b,21
823842,a,22
823855,b,21
823993,b,20
824068,d,23
824087,a,26
824104,d,33
824343,a,41
824405,a,29
824694,d,39
824695,a,28
824739,b,20
824778,d,28
824805,a,41
824838,a,31
824861,b,30
824887,b,
824941,a,29
824972,a,31
826099,b,26
826121,b,19
826152,d,59
826158,d,59
826173,b,18
826174,b,25
826182,d,48
826216,b,20
826239,d,31
826241,b,24
826257,d,34
826259,a,48
826283,b,30
826299,b,28
826306,d,31
826321,a,25
826336,b,31
826346,b,18
826347,a,30
826359,a,28
826366,b,19
826374,b,26
826389,b,18
826396,b,22
826399,b,21
826414,b,47
826415,a,35
826420,b,30
826429,b,20
826437,d,26
826445,b,19
826451,b,37
826454,b,26
826459,b,24
826476,a,42
826477,b,17
826480,b,22
826492,b,23
826496,b,31
826523,b,21
826539,b,27
826548,a,37
826563,d,24
826570,d,24
826596,b,22
826612,b,34
826620,b,21
826757,a,29
826810,b,0
826841,a,25
826862,d,27
826889,b,24
826922,d,27
826985,b,20
827001,b,30
827020,b,17
827027,b,17
827032,b,19
827034,b,16
827038,a,21
827045,d,31
827256,b,20
827312,b,19
827363,d,45
827433,a,38
827447,d,41
827474,b,20
827530,b,28
827540,b,23
827644,b,27
827649,d,29
827663,a,37
827719,d,38
827794,a,43
827806,a,39
827829,a,24
827856,a,0
828635,b,38
828643,b,23
828647,a,38
828655,d,39
828658,a,50
828662,a,32
828664,a,30
828668,b,27
828670,b,18
828673,b,30
828674,b,28
828676,b,29
828681,a,37
828687,b,32
828691,b,19
828717,b,28
828725,b,34
828726,b,27
828727,b,20
828747,b,17
828760,b,22
828764,b,20
828773,b,18
828787,d,22
828802,b,19
828818,b,18
828820,b,18
828833,b,44
828858,b,16
828863,b,39
828872,b,17
828888,b,36
828894,b,18
828897,a,26
828907,b,50
828921,b,31
828941,b,20
828960,d,30
828990,a,26
829016,b,
829036,a,26
829054,d,27
829101,a,53
829108,a,21
829137,b,40
829165,a,39
829172,b,21
829208,b,52
829271,a,48
829279,b,20
829301,d,58
829358,b,35
829440,b,26
829442,b,19
829473,b,18
829487,b,18
829495,a,18
829529,b,18
829544,d,45
829549,b,26
829577,b,19
829616,a,20
829621,b,36
829651,b,30
829695,b,19
829810,b,22
829821,b,33
829836,d,29
829855,b,19
829874,b,33
829880,b,31
829881,b,18
829895,a,21
829909,b,44
829916,b,19
829917,a,17
829918,b,21
829931,a,23
829941,a,20
829946,b,39
829954,b,19
829959,a,39
829965,a,20
829991,a,30
829995,a,37
830008,b,43
830018,a,25
830021,a,21
830032,b,41
830036,b,19
830040,a,36
830049,b,26
830056,b,46
830063,a,23
830064,b,23
830075,b,
830081,b,20
830085,b,37
830092,a,29
830260,a,37
830429,b,0
831361,b,19
831367,b,19
831368,b,35
831377,d,32
831378,b,21
831379,b,28
831383,b,18
831387,a,37
831390,b,20
831394,b,18
831396,a,46
831398,a,20
831404,b,30
831407,a,22
831409,a,22
831417,a,26
831421,a,30
831444,a,36
831504,b,24
831533,b,24
831553,b,19
831659,a,40
831705,a,33
831739,d,31
831766,b,23
831787,a,37
831821,d,25
831825,a,34
831846,a,26
831855,d,47
831886,b,21
831898,b,24
831914,a,34
831927,d,37
831944,b,28
831957,b,27
831966,b,22
831977,b,24
831991,b,50
831993,b,23
832180,b,25
832393,a,35
832400,b,25
832411,b,18
832418,b,23
832424,b,26
832426,b,34
832444,b,33
832449,a,24
832460,a,26
832463,a,40
832475,b,29
832476,a,38
832592,b,31
832629,b,0
832637,b,28
832746,a,25
832780,d,34
832788,b,30
832832,d,37
832907,b,38
843913,b,21
843930,b,48
844001,a,37
844050,b,36
844063,b,30
844069,b,21
844083,b,27
844101,d,32
844112,b,20
844123,b,24
844137,b,23
844444,b,21
844610,b,19
844630,b,36
845364,d,21
846985,b,20
847013,b,27
847016,b,20
847105,a,27
847114,b,18
847118,a,33
847121,b,33
847132,b,32
847138,a,40
847393,a,30
847456,d,39
847532,b,27
847536,a,40
847539,b,29
847597,d,30
847707,b,30
848000,b,18
848012,b,17
848019,b,30
848051,b,21
848053,a,22
848068,a,26
848076,b,35
848080,b,29
848085,d,28
848088,b,27
848099,b,19
848114,b,35
848122,b,50
848130,a,26
848135,a,35
848147,a,20
848209,a,28
848212,b,19
848230,b,34
848242,b,20
848247,a,26
848260,c,41
848274,b,20
848282,b,17
848297,b,19
848304,b,22
848324,b,27
848325,b,30
848355,b,23
848364,b,25
848373,b,30
848382,b,28
848385,b,27
848420,d,34
848443,b,20
848461,b,19
848518,b,23
848525,b,29
850130,a,37
850207,b,23
850258,d,20
850280,a,32
850292,b,24
850305,a,18
850335,b,30
850406,b,44
850456,b,26
850467,b,37
850499,b,27
850500,b,18
850540,a,27
850586,b,43
850604,b,18
850617,b,20
850623,b,38
850644,b,18
850652,a,41
850656,a,43
850667,b,28
850675,b,25
850677,d,24
850682,b,18
850714,a,54
850731,b,18
850742,b,22
850753,b,28
850755,b,37
850764,b,25
850774,b,28
850777,b,28
850786,b,0
850788,b,18
850796,b,24
850799,b,27
850808,b,19
850814,b,18
850820,a,33
850834,b,39
850845,a,48
850863,a,44
850864,a,19
850878,a,37
850882,a,35
850889,b,25
850894,b,19
850895,b,18
850899,d,26
850901,b,20
850907,b,21
850912,b,16
850913,a,51
850925,a,24
850930,b,20
850937,a,42
850942,b,21
850950,b,27
850958,b,30
850960,a,23
850965,b,23
850966,b,30
850971,a,38
851007,b,30
851008,b,36
851014,a,32
851017,a,32
851043,a,26
851071,b,28
851096,b,20
851146,a,59
851147,b,17
851247,a,24
852464,d,46
852484,b,64
852490,b,19
852491,b,38
852496,b,21
852499,b,25
852512,b,20
852513,b,20
852515,a,23
852516,b,25
852519,b,19
852520,b,39
852526,a,37
852539,b,34
852556,b,18
852582,b,37
852591,a,46
852602,b,35
852613,d,34
852712,b,32
852759,a,27
852795,b,18
852840,a,42
852976,b,31
853221,b,19
853238,a,29
853251,b,19
853274,a,954
853292,b,22
853293,b,20
853308,b,53
853314,b,22
853322,b,16
853334,b,18
853343,b,16
853379,b,18
853399,b,40
853413,b,36
853446,a,18
853471,b,21
853490,b,18
853493,b,18
853495,b,24
853497,b,23
853505,a,35
853515,d,20
853528,a,36
853530,b,20
853538,b,24
853539,b,18
853558,d,49
853560,a,32
853563,d,20
853575,b,21
853585,b,55
853586,a,26
853598,a,43
853604,b,20
853605,a,0
853614,d,39
853634,b,26
853642,b,24
853666,d,46
853685,d,37
853692,b,23
853701,a,28
853865,d,37
854688,a,24
855143,a,50
855146,b,27
855155,b,25
855157,a,27
855160,b,26
855166,a,26
855181,b,16
855190,b,21
855225,d,41
855256,d,28
855275,a,23
855303,a,24
855310,a,44
855313,a,53
855493,b,0
855501,b,20
855515,b,19
855529,b,19
855577,b,19
855594,b,20
855605,b,20
855608,a,35
855701,d,20
855763,b,0
855827,a,25
855893,a,42
855927,b,18
855972,a,24
855976,a,25
855977,b,19
855986,b,35
855987,a,29
855996,b,35
856002,b,24
856012,b,22
856013,b,36
856016,b,34
856027,d,46
856034,b,26
856035,a,18
856050,a,32
856051,a,43
856052,b,32
856069,b,18
856071,a,24
856076,b,23
856089,b,24
856099,b,21
856145,b,
856153,a,20
856172,a,22
856179,b,23
856224,b,24
856293,b,19
856305,b,21
856350,b,0
856415,a,0
856655,a,33
867785,a,19
867790,b,19
867799,b,34
867804,b,19
867834,b,28
868417,b,20
868433,a,21
868442,b,22
868542,b,37
868753,b,20
868813,a,25
868888,a,25
868908,d,31
868949,a,21
869025,b,26
869031,a,40
869099,a,35
869132,b,29
869796,b,24
870218,b,19
870311,a,36
870316,a,49
870318,a,21
870330,b,19
870339,a,57
870350,a,33
870356,a,32
870362,a,38
870363,b,23
870368,b,36
870385,b,20
870389,b,16
870403,b,18
870407,b,52
870421,b,19
870424,b,19
870427,b,17
870448,b,64
870467,b,19
870477,a,38
870494,b,28
870508,b,18
870510,a,23
870534,b,23
870555,b,29
870557,b,21
870562,b,22
870565,a,25
870602,b,23
870621,d,25
870633,d,28
870644,d,25
870660,a,25
870710,b,18
870907,d,30
870932,d,49
870968,a,39
871125,b,31
871135,b,29
871167,a,0
871181,a,0
871182,b,30
871207,b,0
871431,a,25
871439,b,50
871456,b,19
871469,b,20
871479,b,24
871492,b,23
871496,b,23
871507,b,22
873070,a,30
873078,a,33
873091,a,39
873100,b,38
873112,a,52
873118,b,31
873124,a,41
873127,a,39
873370,a,32
873413,b,27
873434,b,53
873443,b,21
873474,b,28
873507,b,21
873527,a,21
873539,b,21
873550,b,18
873563,b,21
873574,b,28
873595,b,32
873614,b,32
873644,b,25
873744,b,31
873908,b,24
873920,b,28
873925,a,35
873935,b,24
873936,b,18
873937,b,24
873942,a,29
873947,a,28
873950,b,19
873951,b,50
873957,a,27
873962,b,
873964,b,16
873969,b,25
873980,b,21
873982,b,19
873994,b,29
874003,b,20
874012,a,31
874034,b,25
874048,a,36
874055,a,43
874063,b,17
874075,b,18
874080,d,22
874120,d,39
874301,b,19
874351,b,20
874374,d,22
874405,b,21
874421,b,26
874443,a,55
874445,d,28
874466,a,
874492,b,22
874517,b,22
875872,a,31
875995,b,33
876006,a,23
876014,b,21
876038,a,38
876044,a,19
876245,a,25
876250,b,20
876251,a,31
876259,a,19
876267,b,22
876299,a,21
876330,b,38
876345,a,29
876384,a,33
876388,b,20
876400,d,30
876458,b,43
876463,b,25
876497,b,24
876503,a,18
876541,d,29
876631,b,18
876656,b,27
876863,b,26
876943,b,22
876959,a,23
876966,b,16
876973,b,23
876999,b,53
877032,a,67
877050,b,23
877064,b,26
877084,b,23
877100,b,32
877116,a,34
877133,a,42
877143,a,36
877153,b,20
877172,b,18
877174,d,25
877227,d,48
877230,a,25
877241,a,38
877242,b,29
877251,b,18
877254,b,31
877286,a,27
877288,a,48
877293,b,23
877311,a,22
877314,b,53
877315,a,41
877319,b,45
877320,a,41
877335,b,18
877340,a,34
877346,b,27
877347,a,25
877351,a,23
877353,b,20
877357,a,22
877367,a,34
877372,b,18
877373,b,21
877379,b,32
877399,b,22
877401,d,35
877416,b,28
877428,d,30
877436,b,19
877440,d,39
877442,b,35
877453,a,41
877458,d,29
877459,b,21
877465,b,26
877466,b,27
877479,b,34
877487,b,27
877494,d,29
877506,a,21
877510,b,21
877528,a,31
877538,d,36
877539,a,34
877546,b,34
877571,d,39
877572,b,21
877623,a,26
877653,b,18
877749,b,31
877757,b,32
877831,b,22
878940,d,37
878988,d,29
879004,a,28
879005,b,35
879017,a,31
879019,b,19
879028,b,22
879030,a,30
879038,b,32
879040,a,34
879047,b,25
879052,b,31
879060,b,20
879067,b,24
879073,b,18
879074,a,0
879086,b,29
879103,b,18
879107,b,18
879120,a,20
879133,b,21
879134,b,19
879149,b,20
879165,b,18
879170,b,22
879174,b,45
879179,b,18
879182,b,51
879185,b,30
879193,a,22
879196,b,19
879199,b,
879211,b,30
879298,d,26
879300,b,21
879307,a,21
879326,b,18
879339,b,21
879353,a,20
879367,b,41
879382,d,23
879394,a,19
879504,a,25
879620,b,22
879648,d,26
879776,d,38
879815,a,32
879847,b,41
879910,a,20
880265,b,26
880287,a,21
880294,b,20
880308,a,39
880312,a,30
880323,b,22
880327,b,21
880337,b,19
880345,b,22
880355,b,18
880370,b,26
880379,a,31
880390,d,49
880476,a,31
880483,b,20
880518,c,19
880538,d,30
880550,d,32
880568,a,38
880605,b,18
880640,b,23
880669,b,21
880673,b,29
880674,b,21
880681,b,24
880695,a,32
880704,b,23
880718,b,20
880829,b,19
880915,b,18
880988,b,23
893192,a,35
893334,b,26
893564,a,33
893572,b,18
893584,b,19
893605,b,18
893865,b,51
893983,b,22
894001,b,22
894022,a,21
894026,b,24
894033,b,42
894056,b,23
894061,b,43
894077,b,28
894092,b,19
894102,b,42
894114,b,22
894127,b,22
894185,b,31
894390,a,21
894418,b,23
894437,a,28
894449,a,33
894450,a,30
894462,a,28
894478,b,20
894513,a,29
894537,d,25
894544,a,28
894553,b,20
894566,a,33
894583,b,19
894608,b,20
894639,b,29
894680,a,25
894726,b,37
894835,a,23
894877,a,50
895050,a,30
896284,b,47
896285,d,37
896315,b,42
896349,b,21
896361,b,31
896376,b,23
896383,b,22
896391,a,20
896396,a,21
896398,b,21
896407,b,21
896409,b,34
896415,b,19
896416,b,0
896422,b,28
896425,b,27
896431,b,0
896434,b,48
896438,a,22
896455,b,16
896458,b,25
896469,b,36
896490,b,24
896569,d,29
896571,b,25
896579,b,19
896660,b,26
896741,a,26
896784,a,26
897065,a,32
897280,a,42
897305,a,24
897377,b,32
897486,b,37
897507,a,20
897531,a,21
897554,a,25
897611,a,22
897672,a,58
897697,a,32
897745,a,29
897754,b,18
897770,b,26
897786,b,28
897789,b,28
897807,b,18
897814,b,22
897828,b,21
897852,b,23
897874,d,38
897878,b,21
897900,b,24
897920,b,21
897945,b,30
897962,b,20
897973,b,22
897976,b,20
897993,a,30
898005,b,19
899498,b,27
899499,b,19
899569,b,41
899574,b,21
899619,b,23
899631,b,
899640,a,22
899645,b,20
899651,b,48
899655,a,24
899669,b,21
899686,d,20
899706,b,22
899724,b,18
899760,b,37
899850,b,25
899916,b,23
899947,b,32
900000,a,18
900007,b,18
900265,b,26
900442,b,26
900452,a,41
900457,a,26
900460,a,32
900464,a,49
900478,a,21
900485,b,21
900494,b,0
900545,d,26
900601,a,30
900620,b,27
900671,b,20
900687,b,21
900688,b,22
900699,b,21
900717,a,27
900723,a,26
900744,b,37
900834,b,23
900994,b,26
901006,b,27
902553,a,42
902614,d,39
902708,a,35
902745,b,37
902749,b,25
902761,b,18
902762,b,33
902776,b,22
902778,b,22
902800,b,22
902825,b,40
902833,b,22
902843,b,22
902868,b,21
902880,b,30
902881,b,19
902883,b,24
902886,b,
902910,b,21
902917,b,18
902921,b,20
902923,b,20
902930,b,26
902936,b,19
902943,b,25
902961,b,19
902965,a,40
902980,b,19
903008,b,24
903048,b,21
903074,b,26
903164,d,37
903217,a,31
904073,a,39
904119,b,38
904127,b,23
904155,b,18
904170,a,31
904177,b,21
904182,b,21
904189,a,39
904206,b,19
904207,a,27
904216,b,26
904217,d,18
904222,b,22
904234,a,29
904242,b,19
904246,d,36
904254,a,25
904260,d,20
904270,b,40
904282,b,32
904292,a,45
904304,b,38
904306,b,21
904311,b,31
904333,a,43
904342,a,40
904379,b,20
904467,b,27
904556,b,26
906045,a,25
906047,b,48
906057,b,23
906063,b,33
906066,b,27
906074,a,26
906086,a,36
906097,b,27
906230,a,24
906253,a,19
906304,b,21
906309,b,24
906357,b,
906398,b,19
906401,b,23
906430,b,19
906443,b,29
906452,b,25
906458,b,19
906461,a,33
906485,b,29
906489,a,25
906512,b,24
906515,b,24
906522,b,34
906524,a,22
906525,b,54
906527,b,19
906538,b,22
906540,b,32
906544,b,18
906545,b,22
906548,b,21
906571,a,21
906573,a,53
906599,b,27
906621,b,24
906632,b,20
906653,b,36
906678,b,20
906699,b,23
906718,a,23
906727,a,26
906728,b,33
906737,b,21
906740,b,20
906741,b,30
906747,a,40
906757,a,21
906771,d,37
906776,b,21
906825,a,27
906857,b,28
907022,b,21
907034,b,18
907058,b,19
907090,b,36
907104,a,23
907124,b,21
907126,b,28
907136,b,34
907141,b,31
907164,a,30
907167,a,38
907175,b,37
907188,b,41
907189,b,21
907206,b,28
907209,b,16
907220,b,21
907230,b,20
907243,b,18
907244,b,18
907251,b,17
907254,d,29
907262,b,17
907265,b,21
907283,a,28
907284,b,17
907300,b,20
907306,a,25
907311,b,17
907317,d,28
907325,b,38
907350,b,25
907382,b,41
907393,b,29
921086,b,29
921603,b,25
921979,b,19
922033,b,21
922187,a,34
922256,b,31
922271,a,27
922274,a,26
922288,a,28
922299,a,41
922321,a,28
922325,a,35
922326,a,21
922341,a,35
922354,a,51
922395,d,35
922423,a,21
922492,d,35
922517,a,25
922562,b,33
922590,b,29
922621,b,29
922649,a,23
922686,b,21
922704,b,23
922734,d,20
923984,b,20
923991,a,23
923995,b,32
923998,b,24
924010,b,21
924012,d,36
924025,b,43
924026,a,22
924034,b,19
924035,b,36
924047,b,24
924055,b,30
924066,b,26
924080,b,21
924089,b,27
924092,b,40
924109,a,24
924110,a,22
924111,b,31
924124,a,48
924125,b,28
924130,a,20
924135,a,44
924142,b,46
924144,b,45
924160,b,30
924163,a,43
924173,b,36
924188,a,43
924200,b,20
924349,a,928
924552,b,25
924560,b,35
924567,b,18
924585,b,23
924605,b,27
924624,b,20
924625,b,20
924636,b,24
924800,b,29
924811,b,25
924930,b,34
924944,b,18
924952,b,16
924966,b,44
924977,b,19
924990,a,41
925019,b,35
925023,b,29
925037,b,16
925160,b,24
925244,a,19
925392,a,0
925586,c,52
925627,d,52
927330,a,25
927340,a,19
927341,b,36
927358,b,38
927368,b,19
927378,b,36
927380,d,56
927385,b,55
927432,a,25
927446,b,40
927452,a,25
927466,b,28
927485,a,41
927489,b,36
927511,b,18
927529,a,32
927547,b,18
927555,a,41
927566,b,18
927577,b,21
927594,a,22
927609,b,22
927610,a,25
927617,a,33
927640,a,22
927643,a,29
927672,b,22
927885,b,22
927894,b,24
927933,b,25
927953,a,44
928055,b,31
928117,b,33
928124,b,32
928129,b,23
928132,a,20
928144,b,20
928154,b,18
928158,b,18
928162,a,25
928175,b,20
928192,b,21
928204,b,30
928215,b,33
928223,b,30
928226,b,23
928227,b,27
928230,b,32
928238,b,29
928243,a,-1
928250,b,22
928267,b,18
928277,b,27
928284,b,18
928285,b,18
928302,b,16
928314,b,41
928343,b,28
928367,a,23
928381,a,
928384,d,21
928390,b,921
928396,b,20
928421,a,30
928472,a,39
928495,b,18
928497,b,25
928521,b,25
928525,b,20
928540,b,37
928552,b,28
928556,a,35
928574,b,23
928599,a,37
928602,d,41
928624,a,48
928645,b,30
930205,d,30
930266,b,19
930268,b,41
930274,b,24
930280,a,28
930283,b,39
930286,b,33
930292,b,40
930298,a,30
930300,a,35
930307,b,22
930308,b,28
930319,a,39
930325,b,28
930329,b,23
930419,d,35
930540,d,19
930639,b,18
930659,b,19
930668,d,43
930684,b,24
930701,d,21
930734,a,26
930741,a,27
930755,d,25
930757,a,23
930762,b,25
930794,a,52
930805,a,45
930813,a,20
930815,b,32
930827,b,37
930884,b,27
930898,a,32
930900,b,22
930902,a,29
930912,b,24
930953,b,20
930954,b,24
930969,b,27
930975,a,34
931014,d,42
931050,a,37
931095,a,26
931179,d,52
931268,a,28
931273,d,44
931282,b,21
931287,a,34
931348,a,41
931351,b,19
931363,d,45
931372,b,18
931373,d,30
931381,a,44
931387,b,18
931398,b,18
931411,d,28
931423,a,45
931425,b,31
931429,b,19
931525,b,38
932799,b,22
932834,b,22
933390,a,48
933391,b,33
933400,b,24
933402,b,28
933407,b,26
933414,a,58
933641,b,21
933689,b,26
933713,a,48
933728,d,19
933740,b,24
933748,a,34
933840,b,33
933868,b,40
933880,b,18
933889,b,22
933895,b,34
933913,b,25
933957,a,23
933959,a,27
934068,a,23
934070,b,31
934077,b,49
934081,b,21
934102,b,27
934106,b,21
934127,a,0
934139,d,29
934245,a,31
934253,a,19
934289,b,29
934292,a,36
934299,a,18
934321,a,44
934337,b,22
934340,b,28
934344,d,24
934354,b,19
934355,b,21
934357,b,20
934366,b,31
934376,b,20
934400,a,42
934416,b,22
934427,b,23
934445,b,21
934456,b,22
934460,a,33
934466,a,44
934469,b,34
934471,a,0
934484,b,26
934492,b,21
934503,a,26
934506,a,41
934508,b,23
934522,b,27
934532,a,39
934546,d,46
934547,a,27
934548,b,28
934561,b,30
934562,a,39
934567,d,22
934581,b,41
934582,b,26
934586,b,25
934587,b,34
934602,b,34
934621,a,33
934624,b,32
934632,b,29
934639,b,19
934670,b,22
934679,b,18
934715,b,20
934732,b,19
934743,b,28
934754,b,19
934757,b,47
934774,b,16
934777,b,27
934798,b,20
934828,b,19
934829,b,19
934839,d,48
934869,b,21
934878,b,21
934902,b,18
936097,a,39
949152,a,24
949206,d,0
949619,b,28
949626,b,21
949638,b,20
949652,a,28
949761,a,30
949792,b,22
949809,b,28
949861,b,29
950049,a,22
950070,a,35
950085,b,23
950090,b,17
950109,b,16
950118,b,22
950119,a,24
950122,a,35
950132,b,37
950134,d,44
950136,a,21
950142,b,20
950148,b,16
950170,b,16
950190,a,24
950192,a,63
950225,b,16
950231,a,51
950233,b,25
950247,a,21
950250,b,19
950259,b,21
950277,a,25
950279,b,41
950283,b,31
950301,b,33
950302,b,25
950321,a,22
950338,a,58
950342,b,34
950358,a,26
950362,a,37
950363,b,24
950364,b,29
950387,b,22
950393,b,33
950413,b,25
950576,b,21
950643,b,43
950696,b,37
950747,b,25
950813,b,21
950823,b,29
952166,b,21
952170,a,28
952178,a,27
952180,a,42
952190,b,22
952195,b,23
952196,a,19
952207,b,23
952211,b,19
952212,b,19
952215,b,27
952219,b,23
952221,b,23
952228,b,27
952232,b,20
952487,b,27
952491,b,19
952497,b,19
952511,b,19
952518,b,25
952521,b,24
952557,b,19
952568,b,20
952602,b,28
952610,b,18
952691,a,27
952789,a,32
952841,a,49
952877,a,23
952918,a,52
952945,a,31
953057,a,27
953079,b,20
953100,a,17
953127,a,25
953129,b,35
953141,a,31
953150,b,29
953180,a,35
953193,b,52
953194,b,22
953218,b,23
953236,a,37
953247,b,18
953251,b,27
953263,b,24
953279,d,35
953317,b,21
953330,b,41
953332,b,36
953346,a,32
953356,b,20
953363,a,24
953389,a,30
953403,b,19
953472,b,21
953519,a,31
953543,a,26
953588,a,-1
953610,d,34
953624,a,20
953664,d,34
953693,a,44
953696,d,45
953778,b,28
953817,a,34
953850,b,24
955234,a,30
955240,a,43
955348,b,19
955354,b,26
955359,b,19
955383,b,31
955408,a,39
955416,a,46
955540,b,42
955613,b,24
955620,b,34
955630,b,22
955631,b,22
955632,b,18
955659,a,24
955675,b,20
955677,b,19
955702,b,24
955711,b,1
955719,d,31
955732,b,23
955749,b,24
955758,b,20
955801,b,31
956073,b,28
956090,b,43
956097,b,19
956124,b,31
956133,b,33
956143,a,24
956157,b,21
956164,b,23
956192,b,28
956198,b,19
956217,a,38
956234,a,42
956237,b,27
956249,a,23
956296,b,18
956316,a,30
956339,b,19
956375,b,18
956376,b,28
956393,b,19
956423,b,29
956430,b,32
956443,b,17
956445,a,33
956461,a,28
956471,b,30
956476,b,25
956482,a,36
956501,a,23
956515,b,23
956527,b,16
956541,b,23
956577,a,28
956584,b,18
956590,a,47
956596,b,16
956599,b,19
956607,a,18
956610,b,27
956621,a,24
956631,b,20
956634,a,20
956636,b,21
956640,b,24
956648,a,18
956662,b,22
956676,b,21
956692,b,35
956697,a,22
956712,a,30
956722,a,46
956730,b,19
956739,a,35
956758,b,18
956781,d,40
956809,d,24
956828,b,25
956830,a,26
956854,a,44
956877,a,24
959084,d,52
959182,a,46
959209,a,19
959213,b,25
959290,a,51
959295,a,51
960500,a,35
960514,b,22
960520,b,23
960530,b,34
960540,b,24
960546,a,29
960563,b,23
960572,b,24
960586,b,21
960699,a,24
961304,a,39
961711,a,36
964204,a,33
964206,b,19
964227,b,44
964230,b,18
964234,b,26
964240,a,56
